,count,mean,std,min,25%,50%,75%,max
1,141.0,20.672561451773593,1.8126279250738673,17.62681028492016,19.98861267605628,21.21296920821116,22.25597222222229,23.2161787473611
2,141.0,83.46704611949897,6.403089501283158,74.85068749999913,79.38158443363368,81.46145644599206,85.25507649513155,98.51746351633065
3,141.0,17.331560365592786,1.8546123501445624,14.2236932142676,14.93075219603663,17.75328677638419,19.14878414202205,19.35923871098405
4,141.0,3.839430214718394,1.5563193138818678,0.2246291595496172,3.620485523279656,4.061355684818487,5.086095455746095,5.666293664073945
5,141.0,27683.26487343036,32675.569774662305,103.98746710334,112.8306420988429,18581.83433690001,78027.4135753097,78286.81112795154
6,141.0,2533.1594235921493,293.0610200228272,2019.322907336352,2361.933536810727,2612.907918064608,2751.470204050642,2972.723272857375
7,141.0,0.012555493401595067,0.001410924686722556,0.01020471631973284,0.01076310145603098,0.01282771594237645,0.01405952894589414,0.01419107911364847
8,141.0,52.67894683812058,5.117684359063901,43.88231393292049,47.72057287289992,54.02900567213222,58.1451925363868,59.45939734767552
9,141.0,0.8493685637298147,0.006762085840441535,0.8382705052809901,0.845821832441246,0.8501626433948911,0.8559701244831213,0.8589398442914637
10,141.0,1.1777460349980562,0.009342054402256984,1.164696580205595,1.168524555701442,1.176611227035808,1.182765013457628,1.193268277732573
11,141.0,2003.6678270519044,221.1666253611122,1634.937779721836,1722.467184783944,2046.651315606336,2238.220286538863,2259.493436361765
12,141.0,14.755015385386274,1.5646538033472102,12.16089129742201,12.70443979708758,15.05442657944341,16.34903132116998,16.49172987327344
13,141.0,18.59444560010469,2.026936983231276,15.04480173601312,17.4365609286414,19.15837700915754,20.12411191313784,21.62129387445504
14,141.0,4.211882672083999,1.271311692541277,0.9196781876564305,3.859036545163399,4.731298095861606,4.983012685834479,5.468083037200512
15,141.0,15.14864064671559,5.44485174243257,0.587418411956562,13.9380976295614,16.28074210942706,18.28510006006461,20.4929287185381
16,141.0,2.0085152602646947,0.6811992506998821,0.8891758805797704,1.654466181901252,1.909247854136638,2.309800034889909,3.379966863820388
17,141.0,4.080077798911637,1.5637577244536591,0.09205505101495645,3.693967003526617,4.615400157816242,4.941016997833236,5.753165209304234
18,141.0,1533.8897912219836,1646.8868335424377,18.89485800654201,19.25919836921047,1252.279679846574,4003.258133438588,4042.24044707286
19,141.0,682.8623185454003,232.4697321000155,118.9928561745525,627.2187467897818,690.3984478704328,878.66366438265,942.3804542908337
20,141.0,0.0016691360970286276,0.0005284122722698575,0.0007284946488308728,0.001266924385440427,0.001615817597061019,0.002098666147156232,0.002537375105395933
21,141.0,7.6982153238911515,2.1145880715266534,2.788398002577297,7.22807598028155,7.41692807584108,9.272796156043135,10.63639453047079
22,141.0,0.013657642241465297,0.003943542324284278,0.003620998039877732,0.01275103735466632,0.01498773480370403,0.01696788505840473,0.01731826886421685
23,141.0,0.01881932858473607,0.005360054012099627,0.005112558256266659,0.0174322001109803,0.02076185955174842,0.02277582958473257,0.023827359688618
24,141.0,260.39046883597763,81.79624755999744,113.960038832395,198.7196346083248,254.0461350878866,329.9772932630529,388.5797800630936
25,141.0,1.7803499739166229,0.5852811944459508,0.8007802286297456,1.344911317797349,1.732161851946169,2.331683827697704,2.772126298187116
26,141.0,4.724355082315487,1.5913522014918242,0.8373374344462194,4.388441796213534,4.776378085609243,6.080129951765467,6.471145414464969
27,141.0,15.017021276595742,1.801723676562788,11.89,12.8,15.6,16.79,17.1
28,141.0,53.84056737588653,17.549014777923723,32.09,42.09,50.59,59.09,97.4
29,141.0,13.465627513598548,3.3984421123947266,6.812741366277989,10.01387735607426,15.18480931579056,16.16755840109045,16.70531935480876
30,141.0,0.20235379512822393,0.22411918348194998,0.01313229897321122,0.01447226628090625,0.1285717595816784,0.4117243248664337,0.6327558959518953
31,141.0,25099.84656469278,29899.83256827637,74.01980448841776,82.23750544077994,16463.24158863655,71202.48464992955,71528.09797760285
32,141.0,1717.2107409889095,193.95973699219624,1392.449515694893,1478.324635686837,1772.478059635479,1912.2957603891,1950.270243036028
33,141.0,0.009812741168840719,0.001983301267721988,0.006121216160745593,0.007621485195906477,0.01075863209106265,0.01147239599217198,0.01188079915274278
34,141.0,41.08174570339794,5.286832287551832,31.84958253372539,34.56562510313104,43.15728068409537,46.30953498650314,47.18073802299042
35,141.0,0.8300055263522933,0.006965110154608768,0.817886970098938,0.8214206523323888,0.832444715457152,0.8368833135802703,0.8378316978736096
36,141.0,1.1366683928731978,0.0220890256475219,1.0802089224475,1.13056227195745,1.137756659680395,1.149648234840607,1.177000834008355
37,141.0,1572.75902110303,313.9631431907286,987.4717824600033,1226.56474870756,1722.857340043108,1835.087421346166,1899.189815430713
38,141.0,11.69472420017441,2.4242629040489168,7.205644182381999,8.956051328903301,12.94182719997229,13.69467564559552,14.18282095528904
39,141.0,12.903506797620178,1.3814365251776133,10.58499047892414,11.20202496016745,13.30073674402618,14.29103721685003,14.55926291096653
40,141.0,28.969361702127653,3.9477207190200194,19.89,26.79,29.0,31.29,36.4
41,141.0,98.55269503546099,1.6696667244147974,95.4,96.8,99.09,99.9,99.9
42,141.0,23.40777095953229,3.901040778256607,19.75765182638941,20.57317147881825,22.82221251886438,24.22518573093454,34.63764784080695
43,141.0,13.008628971895313,5.327110586708879,0.4238105189633643,11.00506701017712,13.78444067384287,17.30886042087124,20.63204564245431
44,141.0,30408.14617838175,35583.69465000452,139.5153295411675,149.5881102518728,20839.40932549597,85190.51629479289,85378.59216638017
45,141.0,4089.322730241071,895.3760430086827,2322.914851524145,3523.560652153079,4008.285316399997,4570.764325493489,6078.482349658992
46,141.0,0.018749751895969988,0.005604788206224962,0.01445780884893795,0.01522676699709882,0.01754260526267217,0.01914394960146528,0.03585983810742695
47,141.0,75.48061609607409,17.449937643730077,56.68836442392834,65.95099668036426,70.10513271828381,76.55015931306868,127.8518555352589
48,141.0,0.8801000511964914,0.01742285858714952,0.8496170700189165,0.8698312837740709,0.8789225635303314,0.8845156297924263,0.9257468432442076
49,141.0,1.2048958590386798,0.01015410398593896,1.193557133894514,1.1949097129466,1.201280975699187,1.217403040890855,1.222662833079529
50,141.0,2957.7603293280376,843.4395725068154,2301.776326375275,2421.273981837771,2779.424000986143,3025.562677192548,5523.378010502423
51,141.0,21.35271307100524,5.714757924932152,16.98154602773324,17.50840063776494,19.9457777409312,21.98075089124574,38.76400932621799
52,141.0,29.2508279507899,6.048145552851127,17.1760465162913,25.45447751376532,28.74437379024442,32.53148874272775,42.54819825688131
53,141.0,0.6842789598108746,0.41949408801501026,0.0,0.35,0.7166666666666667,0.8666666666666667,1.383333333333333
54,141.0,1.7690307328605201,1.5804680610204964,0.0,1.1,1.45,1.783333333333333,6.35
55,141.0,2.3145390070921983,1.5708326715469487,0.0,1.666666666666667,1.783333333333333,3.1,6.35
56,141.0,0.3420803782505909,0.7918623356193639,0.0,0.0,0.0,0.2833333333333333,2.733333333333333
57,141.0,8.875059101654845,1.5902825247064774,6.1,7.616666666666666,8.6,10.31666666666667,12.0
58,141.0,1.180283687943262,0.9011840966690213,0.1999999999999993,0.5,0.9000000000000004,1.609999999999999,3.410000000000002
59,141.0,3.627446808510639,0.9944585061050774,1.199999999999999,3.0,3.91,4.310000000000002,5.09
60,141.0,-0.9829787234042551,1.801723676562788,-4.109999999999999,-3.199999999999999,-0.4000000000000004,0.7899999999999991,1.100000000000001
61,141.0,2.9693617021276597,3.94772071902002,-6.109999999999999,0.7899999999999991,3.0,5.289999999999999,10.4
62,141.0,20180471.40425532,73.58328408034417,20180327.0,20180410.0,20180501.0,20180522.0,20180605.0
63,141.0,21.346071864630492,1.6892641622930866,18.75828472222227,20.53683438155134,21.00385952712099,22.97268635724343,24.04772222222214
64,141.0,85.1837885895613,6.000752337908227,76.81110493398114,79.16063888888834,84.56063194444408,89.09969209237198,97.87897916666621
65,141.0,18.39585235729493,2.3482368519526142,14.40032480083482,16.12737276170604,18.90470494490821,20.59566819143126,21.3897466855561
66,141.0,3.3932402304041247,1.2410728925838876,0.3785053466869491,2.798888047114658,3.981998377166804,4.279987752234274,4.834915520958771
67,141.0,22776.950721452547,27370.36522891849,53.13806866393818,59.44413130182551,14600.70249536099,65009.47802470127,65357.05369812402
68,141.0,2623.4460406535763,275.3561799432468,2255.866110036399,2470.529074062767,2547.330895531627,2913.814751217626,3079.891957788323
69,141.0,0.013534898714427366,0.0019271430308018848,0.01032439665271656,0.01178932313862366,0.0138408817170054,0.01549431633580321,0.01624541795494983
71,141.0,0.8526366774747733,0.007232352755473746,0.841378327327955,0.8482510035708997,0.8523634494978315,0.8600042624101891,0.8633778677367313
72,141.0,1.1732169619913673,0.009932769737720415,1.158549179661529,1.163266545098562,1.173392663066859,1.179283278678576,1.189057047379771
73,141.0,2155.9511701073347,300.9751167046362,1653.832184844682,1882.468469849264,2204.532709084641,2460.796343724698,2577.268218157597
74,141.0,15.83526044165635,2.1319633354679257,12.26240421532322,13.85319534777077,16.31653692511994,17.96753209531986,18.78634393123946
75,141.0,19.228500672060484,1.9033136534481951,16.69504227180694,18.1793138026157,18.68811086872951,21.22519037438654,22.37721474082239
76,141.0,3.974278764346137,0.8596970893660387,2.569322201199265,3.174558756469524,3.805957665202033,4.902774820616548,5.212460465084567
77,141.0,14.217935921244914,4.967794210806315,1.83445242645227,11.43660394648906,14.04536764968523,18.47608195099858,20.47923327785804
78,141.0,2.2850273246041843,0.9841184977597105,1.039887994330158,1.430862921652961,2.294808049974898,2.998847554801484,4.078463800297881
79,141.0,3.733282619042124,1.2569603186542244,0.3427305850765689,2.949078878932999,4.202555214223233,4.58370524037143,5.104632996115515
80,141.0,1304.60279753304,1428.988608896604,10.97254899132539,12.00143297226392,1040.095089368285,3468.850110971227,3486.425139556642
81,141.0,648.2109708288382,154.97781675354557,366.9016337340677,505.3196296594181,605.5112276769652,797.269298505817,844.6856279202296
82,141.0,0.0019768118058332202,0.000805076975378573,0.0008217648555857443,0.00142445558689662,0.001582869167639984,0.002858724509259028,0.003099623974064653
83,141.0,8.077209381188483,2.9868255840145626,3.694490995652533,5.120036814523256,7.856937364174127,11.66515329391792,11.89867394225011
84,141.0,0.013268204022409504,0.0033204571119276227,0.009543370616816677,0.01033893031537942,0.01103892521513233,0.01745911746519021,0.01782420554042929
85,141.0,0.018217508596884723,0.004559959102053015,0.01295251397746136,0.01435448254887528,0.0151968969739445,0.02374185792648095,0.02509145593937378
86,141.0,308.0289107181037,125.36713705924961,128.8898530344697,220.6649468995863,249.1712041261984,443.5674332751279,485.0436696978758
87,141.0,2.1431683658128673,0.8674181125662752,0.9688013104496875,1.370354647150674,1.866638496736976,3.030551249569494,3.446620924916211
88,141.0,4.48393008232482,1.0576822891890347,2.564053791558544,3.504107205756868,4.188026437087784,5.536041687712144,5.813677911385567
89,141.0,15.883191489361703,2.1138672478756413,11.3,14.0,16.6,17.5,18.79
90,141.0,56.0509219858156,13.31631775039874,38.7,43.09,56.2,62.29,88.69
91,141.0,14.583186846637604,3.004227659838226,9.091309070738099,10.83178948980708,15.48253894875128,17.04133720373261,18.37209362684609
92,141.0,0.20235012767393992,0.2684636519481368,0.014128764789195,0.01421397126845925,0.01658138714481794,0.4674883296079813,0.7091002330979119
93,141.0,20581.386624967137,24963.55377313469,35.95831471731891,40.610005579274,12860.61119343805,59127.5073681989,59493.46420026501
94,141.0,1818.9091418879755,233.6037563971833,1339.146969228801,1598.66916860424,1889.343036320727,2000.245784447465,2169.149624136563
95,141.0,0.01051676762510702,0.0019386001367210541,0.007158160531341442,0.008054777700991675,0.01097051770392091,0.01214260081248553,0.01323134469734411
96,141.0,43.652657490975045,6.412916571222057,30.07396103229544,37.71285210450975,45.77351563147041,48.35759366971709,52.44377275846806
97,141.0,0.8334021303902985,0.008296602402466881,0.8155908546653966,0.8258626474227979,0.8363921342252185,0.8396221385934097,0.8447966548606632
98,141.0,1.1388006672852147,0.010617754441223301,1.118242876717361,1.129140489683397,1.14100399476029,1.144974227141518,1.155396714944768
99,141.0,1683.8388865519905,305.90869039440383,1152.847913764468,1295.405237042833,1756.200011309195,1940.238410914041,2110.582584284876
100,141.0,12.49124771934169,2.31327225767592,8.463423110505543,9.52443568373868,12.86965299374533,14.4644389691534,15.66482577859364
101,141.0,13.623744104415435,1.6605403677490818,10.20091496380831,12.06331313891688,14.12876478919548,14.91179275170454,16.09951261931515
102,141.0,28.95283687943262,2.199916987473175,23.7,27.6,28.89,31.1,32.0
103,141.0,98.41879432624111,2.2455459009137284,93.8,96.59,99.9,99.9,99.9
104,141.0,23.58789897202548,2.4783746175348904,19.29169399235067,22.60154773100009,23.267201952328,24.6581071882595,28.81000221921751
105,141.0,12.102859584033151,3.7072312163318704,1.921091272287125,10.28658088402016,12.9483515956964,14.3249274244243,16.70843057069307
106,141.0,25096.43099774162,29896.136415797784,73.98513580679715,82.19975153001371,16460.48362514222,71193.45699913056,71519.03691155867
107,141.0,4024.7372686730696,491.7766430565534,2931.7529094582,3694.93346586094,3982.854510044935,4521.621183301934,4758.534238994276
108,141.0,0.01860149719624136,0.0029529258322504603,0.01403436266745652,0.01730207870324131,0.01803686810739298,0.01966413942850706,0.02534526738567569
109,141.0,74.26723962370085,9.286593719406428,60.32205611739379,69.48836107667401,72.81112089157874,81.20977892889134,95.0517487579983
110,141.0,0.878192915133485,0.008222226521418925,0.8655035859677024,0.8733821044134306,0.8764211208656523,0.8856293872522392,0.8942601118421903
111,141.0,1.2000200222616013,0.012047903870253857,1.183716808354237,1.191011949345768,1.195611435210755,1.210855101778266,1.226104969519624
112,141.0,2940.25299227438,451.9351136896861,2235.84856058282,2742.346740209091,2855.527333812287,3105.255398059288,3967.262437051623
113,141.0,21.271202520345486,3.0969207968516645,16.54863980387788,19.74509700677098,20.84328135971408,22.13738350977458,28.34698953331933
114,141.0,28.84283061601866,3.3313861493194117,21.3996728539159,26.6205981196769,28.5724053894195,32.20181943719572,33.78910176539541
115,141.0,1.068439716312057,0.6338084124411641,0.0,0.6666666666666666,0.9,1.633333333333333,2.266666666666667
116,141.0,2.0395981087470454,1.1124467866836358,0.0,1.416666666666667,1.75,2.9,4.266666666666667
117,141.0,2.1104018912529545,1.1269331521404553,0.0,1.416666666666667,1.85,2.9,4.383333333333334
118,141.0,0.12115839243498815,0.37180853278279613,0.0,0.0,0.0,0.0,1.283333333333333
119,141.0,7.685933806146572,1.8997663637555329,2.583333333333333,7.1,7.883333333333334,8.466666666666667,10.81666666666667
120,141.0,1.1285106382978727,0.5448104993877787,0.3100000000000023,0.6999999999999993,1.189999999999998,1.5,2.210000000000001
121,141.0,2.6406382978723397,0.7414601547583152,1.699999999999999,2.0,2.600000000000001,3.189999999999998,4.289999999999999
122,141.0,-0.11680851063829789,2.113867247875641,-4.699999999999999,-2.0,0.6000000000000014,1.5,2.789999999999999
123,141.0,2.952836879432625,2.1999169874731757,-2.300000000000001,1.600000000000001,2.890000000000001,5.100000000000001,6.0
124,141.0,20180472.40425532,73.58328408034417,20180328.0,20180411.0,20180502.0,20180523.0,20180606.0
125,141.0,21.47411412782665,1.8174498099691094,18.74747222222226,20.58078266946188,20.94218902015289,22.40122990915447,24.853337979094
126,141.0,83.85120101711749,8.984952364718842,70.96551460361538,75.43711111111024,79.19515277777697,93.22172341904076,96.63471777003367
127,141.0,18.07337479424263,3.5334909753322954,12.3891533965896,16.1480924797648,17.60931323447434,21.2774716065852,24.27820149366128
128,141.0,3.6365857822266205,1.9685320981525725,0.7746416244501748,1.420112050736741,4.377257627455469,5.571849246783096,6.204935312180594
129,141.0,18612.987175011236,22773.66486055947,24.63018556245972,28.12183413035151,11340.37479960457,53809.0408953753,54179.74683438073
130,141.0,2636.719668103857,287.5669655992295,2224.281633705829,2478.374551181414,2519.085471402303,2792.671570802181,3145.716304033034
131,141.0,0.01341516910794528,0.002977827516417417,0.009203298885112602,0.0114944928918065,0.01265125222998002,0.01603645078350907,0.0192341257005554
132,141.0,55.68786612937987,9.263371533662726,42.78732607139235,49.87749914624369,54.5797119156412,63.30353551424207,73.97425081711701
133,141.0,0.8528414121674527,0.009001538068658891,0.8396384904851644,0.8476485618344496,0.8520399697615842,0.8590500171370352,0.8704958064377566
134,141.0,1.17291194898616,0.012351204955487896,1.148795551848368,1.164283563168267,1.173813662815888,1.179897589575505,1.191212970073324
135,141.0,2136.2155410853516,464.1333040606938,1476.147807593189,1838.328239906855,2019.524979732926,2545.812595917416,3039.117163062755
136,141.0,15.68744086512233,3.3104686838688595,10.96068327148487,13.56818537706328,14.81863825350159,18.64388263823066,22.09431412336263
137,141.0,19.324026647348965,1.9921968919850668,16.45726416598184,18.23386745330525,18.52445456692982,20.39048750028477,22.8689557478127
138,141.0,3.628485164866067,1.1586230252746406,0.9173962271414319,3.052365497384328,3.832538400261829,4.67960389128057,5.024045826447815
139,141.0,15.139435991641616,8.054664210645624,2.024134396791381,7.139521111455498,17.51231539193633,21.96641117393916,28.04207138231256
141,141.0,3.9106110671359633,2.098087392314544,0.4713199469471606,1.725615647956381,4.574430103556447,5.978862610546675,6.732048494008041
142,141.0,1104.3916016999056,1235.864156042547,5.869568104125173,6.491874844789558,847.5826469391944,2989.286860249353,2992.385413769775
143,141.0,593.8143151164846,198.4261564021642,171.9596417777649,480.365783720076,571.2619860292809,750.4192010181201,915.1612564436331
144,141.0,0.0018539893576873124,0.0005247120132371825,0.0009626839949302917,0.001224402942478567,0.002008777560004737,0.002190120908660209,0.00253035747839673
145,141.0,6.650694586873668,2.441144887662562,3.58489321398908,4.625740145351832,6.054484908240712,8.16813305688295,11.2402908534506
146,141.0,0.011537111856110425,0.003300281956180749,0.004055030191559839,0.01001605955388275,0.01151461439106723,0.01332450058569538,0.01723235490733254
147,141.0,0.01584823249132536,0.0045353832672742666,0.005357716215027808,0.01385188792320109,0.0162898271823231,0.01813940939417706,0.02311758448154534
148,141.0,289.3419760895939,81.91447939117927,151.1864564301069,191.6284427162967,317.2439816939171,339.3371631789482,390.8176329238776
149,141.0,2.06878159242072,0.5489833388159349,1.123287736930963,1.461469434294216,2.341575969332233,2.366566216245416,2.719253072932522
150,141.0,4.106763903049523,1.3620012447203036,1.17996044412061,3.339426430182514,3.962615533481161,5.22131324054444,6.264341880751574
151,141.0,15.983333333333334,2.9531887527761937,11.8,14.6,16.2,17.29,22.89
152,141.0,53.006950354609934,19.823151397987093,23.0,35.09,46.79,69.9,92.3
153,141.0,12.906592389739124,5.238315818554973,3.175161512795393,9.415142471872812,13.33042927946447,16.35025503199677,22.20332474178988
154,141.0,0.22437323923162436,0.2592481332286216,0.01472580442440297,0.0166792433993237,0.1447226628090679,0.3840706234184736,0.7671270747707872
155,141.0,16756.24799363711,20693.901422022576,15.58708034871246,18.08196881467545,9924.733617981481,48766.95583326759,49140.2318376294
156,141.0,1845.7534476111664,370.0158791416947,1384.19985627506,1662.007420674654,1841.810062081625,1973.870396773242,2791.783035500776
157,141.0,0.009755639864095288,0.003279059879328302,0.004745709959246992,0.00731780295796311,0.009520000346693081,0.01160970168424966,0.01687554522390864
158,141.0,43.63387387346588,9.106818283225014,32.60811943921757,39.32841807171337,42.96764741666593,47.21859778959767,66.07629207667736
159,141.0,0.833726431948654,0.01170611047398133,0.8180663863327138,0.8281078769373927,0.8338047389435751,0.8385331631187871,0.8617753047581665
160,141.0,1.1410041812035088,0.012070601232367832,1.115273732129853,1.134545215983733,1.139138055689399,1.148347931132089,1.162923713498392
161,141.0,1562.0591699832926,516.5538615987734,767.2560004790125,1178.259929131109,1527.496491843395,1856.647953761777,2676.527788787128
162,141.0,11.525170374855266,3.8117254593402228,5.566658728538155,8.585982282972912,11.19903946525462,13.87516803383969,19.56967655632212
163,141.0,13.805959010483924,2.606030802266939,10.52560240946916,12.51510359354869,13.79234706900932,14.72580442440536,20.43375072116176
164,141.0,28.752836879432618,1.9725289518936762,26.1,26.6,28.5,30.6,32.59
165,141.0,98.33787234042553,2.0351629659249273,94.0,97.5,99.0,99.9,99.9
166,141.0,23.268398899988735,2.384492905260845,19.81296654578805,21.13431092508505,23.18511966074981,25.85464479433826,26.61786526135358
167,141.0,12.841942528381146,5.921935832216216,1.665652944009526,7.140891716547301,14.47219930277901,19.26628362002928,20.51773140210889
168,141.0,20578.491237858507,24960.35441904646,35.93899361235468,40.58868417698887,12858.35311347635,59119.74090454962,59485.65883567103
169,141.0,3973.9207795519724,462.95070086903473,3383.081134959062,3484.379845521869,3893.818403275939,4394.484260731131,4919.627655381318
170,141.0,0.01821802868022494,0.002704155258686088,0.01450883507089885,0.01577711245184436,0.01794476033425458,0.02116919659006282,0.02218301752076933
171,141.0,72.13421017509559,9.636385254923686,60.75583231432311,62.00135507639158,71.56926652096826,81.97150455378222,89.37711290257906
172,141.0,0.8765185808119039,0.009293134488634303,0.8599016327491742,0.8708162159652767,0.877856722462675,0.881410441745089,0.8966408615132418
173,141.0,1.1996663978006232,0.01665844084663998,1.160395284569709,1.192558677441764,1.199321559705925,1.207572138666666,1.222394681784777
174,141.0,2881.6488014684583,415.6003961261758,2309.714848957357,2506.621859593668,2841.354099064099,3335.103045857178,3489.325200541308
175,141.0,20.916293958115748,2.8037058228872387,17.05516302335167,18.41501043991647,20.60102944055915,24.06015624682163,24.74434610139389
176,141.0,28.50100866209974,3.12621738959343,24.49599456112931,25.18738750785098,27.96978875529346,31.34789975739789,34.86557207890262
177,141.0,0.8440898345153666,0.539231282474505,0.0,0.6,0.9,1.166666666666667,2.0
178,141.0,2.0048463356973993,1.1262656707630108,0.0,1.35,1.866666666666667,2.983333333333333,4.016666666666667
179,141.0,2.0576832151300235,1.106242240992423,0.0,1.35,1.966666666666667,2.983333333333333,4.016666666666667
180,141.0,0.9894799054373521,1.584248371365011,0.0,0.0,0.0,3.116666666666667,3.75
181,141.0,7.975650118203309,1.508271529555288,4.866666666666666,7.05,7.6,8.816666666666666,10.68333333333333
182,141.0,0.9873049645390074,0.5239900209418172,0.2100000000000009,0.6899999999999977,0.8000000000000007,1.5,2.0
183,141.0,3.290141843971632,1.2531138278108902,0.3900000000000006,3.100000000000001,3.810000000000002,4.100000000000001,4.609999999999999
184,141.0,-0.016666666666666424,2.9531887527761937,-4.199999999999999,-1.4,0.1999999999999993,1.289999999999999,6.890000000000001
185,141.0,2.752836879432625,1.9725289518936762,0.1000000000000014,0.6000000000000014,2.5,4.600000000000001,6.590000000000003
186,141.0,20180473.40425532,73.58328408034417,20180329.0,20180412.0,20180503.0,20180524.0,20180607.0
187,141.0,20.603578918161595,2.3352864974854888,16.52372916666659,19.0915416666667,20.30658790826969,22.31969423210571,24.91562718990882
188,141.0,82.44956512641942,9.171298308194562,68.6639999999995,73.75364836692084,81.29785066294396,91.73715774843626,97.23449894884298
189,141.0,16.855743005345317,3.6198684022336254,11.45893877726937,14.31011600829864,15.91334332365247,18.53808282520605,24.43976786175615
190,141.0,3.871411193496704,2.018744350438314,0.5603902912992464,2.458436563528085,3.874628374066522,5.738840163605427,6.519916841870093
191,141.0,15098.214138850708,18809.191725332825,10.01910303887574,11.80067885012855,8697.24137111776,44225.25017616335,44573.05429143288
192,141.0,2520.7564255514717,368.8350365936441,1881.391808321828,2291.665542867945,2463.753378689421,2830.441621330208,3161.340359897926
193,141.0,0.012471595701989472,0.003073362586322881,0.008810964916139245,0.01032467727790652,0.01129041066195603,0.01345372764860588,0.01943079948263606
194,141.0,52.398752527140495,9.909499662264666,41.53821621028722,45.1975607408528,47.86394237578251,56.65816667073597,74.54081557485762
195,141.0,0.8490662292206281,0.01046831765636984,0.83567839992684,0.8397636045797657,0.8462949416032286,0.8553434320400605,0.8709472374597048
196,141.0,1.1782140644132388,0.014351343076066132,1.148217148278635,1.169614969210563,1.182005575465209,1.191078448198229,1.196641293069636
197,141.0,1988.4532067057733,478.5960182888906,1413.411682373988,1653.609499897793,1806.455936709983,2144.735517454293,3069.211390990197
198,141.0,14.638411468348595,3.3960403783537023,10.5001040214042,12.21306080512496,13.51157760837899,15.70501036501638,22.30669476088873
199,141.0,18.509822661845313,2.5567891030531915,14.07196789967823,16.91975740173027,18.12900015963136,20.63579431095322,22.97425011970707
200,141.0,3.8242122125415214,1.5512227715951228,0.5999510487183372,3.322662194552656,4.304381018406207,4.950290500644546,5.451878972359018
201,141.0,16.04946245835316,8.519439952440019,0.8265020543518439,10.35280502847964,17.75647455056031,22.73482492777487,28.00185238040224
202,141.0,2.467191822155362,1.279642832142752,0.5547037428220438,1.221836416191701,2.562292426129345,3.631274003924585,4.923623721785908
203,141.0,4.102509669099628,2.1804654784963877,0.1272502597195238,3.31689139229129,3.861330071597671,5.926043562768105,6.751578509551726
204,141.0,929.3047105116924,1062.4048224037908,2.829829714429693,3.211347090740734,683.1762159948181,2552.016265798783,2566.476941269685
205,141.0,607.5402964014505,263.71203008252576,71.06037671911078,513.1184664413596,637.9518007966653,848.7755694376194,957.5740427851904
206,141.0,0.0018723235061339995,0.0007964886885685764,0.0004050052744059935,0.00114426919017806,0.001889595348076367,0.002726018082997799,0.002843159918185522
207,141.0,7.058895165555237,2.8094800864488056,1.630473486102826,4.336823378487061,6.941670945844787,9.218201356224519,11.79698029043147
208,141.0,0.01212427596264608,0.004664835165161147,0.002253821384716018,0.00976715976536421,0.01311204687178536,0.01532311938225699,0.01762083525928078
209,141.0,0.01676410394227735,0.006391496152845934,0.003232807608182972,0.01352543662154559,0.01831543431905591,0.02134128548235885,0.02399592856187379
211,141.0,2.0777583492429765,0.9054059495112864,0.4495454079786162,1.17989449961985,2.220448259243589,2.98083932811458,3.267028944487157
212,141.0,4.208912224408141,1.8140715311788755,0.5030248646364197,3.604079613581649,4.443655392282277,5.878823840363339,6.588432736177293
213,141.0,15.208368794326242,3.0458863650394994,11.39,13.3,15.0,16.2,22.29
214,141.0,51.3213475177305,23.29064736326145,22.0,30.0,49.9,65.4,93.19
215,141.0,11.840071957818896,5.996994655618861,1.524797115830118,6.295035434374286,13.81190828951018,15.04540174941735,22.280705405388
216,141.0,0.2581178292281074,0.2670598319720907,0.01386742974409749,0.01639682655379815,0.1006396311704059,0.4964708652639587,0.7351331601089388
217,141.0,13537.49498663444,17023.00808102935,5.757147796494323,6.930910913536785,7558.274560419907,39928.06039542244,40251.25929822941
218,141.0,1758.9219101280264,374.42267840116375,1347.159906673205,1527.463680603756,1705.447794441517,1841.810062081625,2691.900107174357
219,141.0,0.009252694817933725,0.003658137452064327,0.004220186820570649,0.005905527091194806,0.009828564110503377,0.01066069519880915,0.01695767520316585
220,141.0,41.9567902749402,9.693654946613618,31.39237270608538,35.51948366332327,40.9665340046337,44.06966006959075,65.51892099392805
221,141.0,0.8309471287296916,0.012216024296629028,0.8164795105186446,0.8232969844978588,0.8298969883957764,0.8343291562499806,0.8599400504638056
222,141.0,1.1473084604946606,0.01946525036947677,1.116223312282229,1.131816360852675,1.143257106001475,1.15719631946661,1.19065043475889
223,141.0,1481.917507322291,576.6664585392575,682.8653817007677,953.0041810127672,1576.235769926308,1707.438280871076,2689.208207067183
224,141.0,10.941130241073974,4.277129396903636,4.971025971494731,7.003425231055298,11.57596225568949,12.83089475136519,19.72295373338445
225,141.0,13.18934985909849,2.641078270384704,10.2587074371984,11.55417360270697,12.82438739031038,13.79234706900932,19.74269642981426
226,141.0,27.4709219858156,3.826969875709057,17.6,26.2,27.79,30.5,31.7
227,141.0,98.13737588652482,2.0524538085597785,94.19,96.69,99.3,99.9,99.9
228,141.0,22.27626572896755,3.1337580937803504,17.00873504030738,20.0908372631767,21.73150067710576,24.72924412260098,27.99353713576624
229,141.0,12.760562249667014,6.19437729841492,0.9790798403863974,11.38312884942922,12.14635499632853,18.48919142674628,20.39476177659132
230,141.0,16753.80792647264,20691.148262008624,15.57726170240423,18.07089575654043,9922.90295984645,48760.31111883534,49133.54596870338
231,141.0,3741.0213713824505,730.8775748148796,2012.91373227803,3403.132949129059,3736.167220993312,4369.433122709882,4678.393352937698
232,141.0,0.01725175092497389,0.003448497842264686,0.01211697342157039,0.01476763073884594,0.01638249352563261,0.0197508304663278,0.02412247082852695
233,141.0,69.32377096698701,12.238204773259502,48.39549451610034,60.61473933197569,71.23899561394285,78.15000802126315,93.08172175738241
234,141.0,0.8718513985247096,0.014619498184477745,0.8398770712266217,0.8641576050474589,0.8746938853478772,0.8835355580534558,0.895878081918394
235,141.0,1.203700248038665,0.017420008980531723,1.162871760026357,1.198567726548899,1.20496882623112,1.21462852267085,1.224770477540556
236,141.0,2731.7440850080798,530.407727276664,1936.221719078237,2349.957993369065,2600.334720977888,3118.523845186634,3783.005741436294
237,141.0,19.82335551794254,3.629157355697925,14.42953003845755,17.35230967808841,18.78330308475203,22.46778481300731,26.93273865775176
238,141.0,26.901482861874246,4.9990284271848795,15.00107083736101,24.63295287403827,26.90067712094138,31.17946318444441,33.25273391245491
239,141.0,0.7868794326241134,0.5727953196533807,0.0,0.2666666666666667,0.7333333333333333,1.25,1.85
240,141.0,1.4014184397163119,0.8053405307588491,0.0,1.05,1.583333333333333,1.95,2.65
241,141.0,1.5664302600472815,0.881016696722137,0.0,1.216666666666667,1.666666666666667,2.316666666666667,2.666666666666667
242,141.0,1.233096926713948,1.8596871918818008,0.0,0.0,0.0,2.75,4.7
243,141.0,8.289598108747045,2.382141342786416,3.45,7.016666666666667,8.433333333333334,10.58333333333333,12.0
244,141.0,1.445177304964539,1.169947863818164,0.3000000000000007,0.5,0.8100000000000023,2.910000000000002,3.399999999999999
245,141.0,3.2707801418439715,1.3908795115332016,0.5,3.0,3.210000000000001,4.41,5.210000000000001
246,141.0,-0.7916312056737584,3.0458863650394994,-4.609999999999999,-2.699999999999999,-1.0,0.1999999999999993,6.289999999999999
247,141.0,1.4709219858156026,3.8269698757090573,-8.399999999999999,0.1999999999999993,1.789999999999999,4.5,5.699999999999999
248,141.0,20180481.25531915,81.47483434913411,20180330.0,20180413.0,20180504.0,20180525.0,20180608.0
249,141.0,20.96889528972783,1.5545472152869269,18.47150694444442,19.84134214186375,21.03237500000004,21.60961752433942,23.98343055555561
250,141.0,81.40346124071259,7.8850809000716735,69.31240611960965,76.867263868065,78.92418055555467,85.72577777777744,96.87215481171533
251,141.0,17.020371296857594,2.4516602563753658,13.68942956752667,15.4149948231262,16.54230368557421,19.38276109271529,21.7527207395885
252,141.0,4.319301005711714,2.0226375069473606,0.6356687738565543,2.619853267319082,4.807346544245097,5.933116526956211,7.631179396529959
253,141.0,12152.050703012912,15414.90823434496,3.391362062261424,4.29185993030341,6576.81522942775,36073.18523217801,36370.81236962214
254,141.0,2576.2718218455384,273.45243379681006,2204.853679156014,2385.812003027249,2570.344674437571,2726.272206767453,3186.721904197641
255,141.0,0.012411671993421573,0.002011767033439526,0.01003936083577706,0.01105125385017514,0.01180382124888863,0.01425679581333479,0.01652833245455083
256,141.0,52.61585659672458,6.249862379980788,45.81378921778911,48.21018457979822,49.85575251686569,60.42384220564919,65.14724852913837
257,141.0,0.8500253963610552,0.006555534071756872,0.8410021840484692,0.8446629482512393,0.8491775001641458,0.8558139485726375,0.8613779448743358
258,141.0,1.176811695044703,0.008977807705273844,1.161187119741514,1.168542264763867,1.178042960156782,1.184015907572933,1.18940615204113
259,141.0,1980.4542681514508,314.20100783849716,1607.996700690277,1768.04350594032,1886.805838621077,2269.390490915141,2621.75870121821
260,141.0,14.575072674418681,2.2492146179704564,11.89938624191974,13.11968490781505,13.87418939468544,16.51254035577573,19.15900662772648
261,141.0,18.894373680130418,1.8779675922957826,16.3096032672876,17.58206591597214,18.8617830925827,19.91000268748044,23.05256079413198
262,141.0,4.218863140155878,1.2439969314396753,1.625686745753064,3.454720889519139,4.216651033195121,4.969677400030888,6.490647318110863
263,141.0,17.402188547730457,6.760537912445832,3.132597164917567,12.94572209611793,18.78608309504935,23.62584344542396,26.57431090606677
264,141.0,2.4342498628025355,0.7651612298047547,1.25237347947192,2.042553244285942,2.318141316249403,2.885744252946398,3.921546035311568
265,141.0,4.631860237350148,2.0172434820716685,0.6899630341850017,2.772724627532317,5.10400373068084,6.080004222160569,7.633751708371443
266,141.0,775.6958090561797,905.4414405643566,1.170199406538387,1.338353583419297,545.1616822354687,2162.455495727316,2178.261032150606
267,141.0,694.0166096054833,252.74351267168555,263.0415013740938,532.1626195745937,620.5175280102164,797.7223549934436,1253.832225129227
268,141.0,0.0019025716885168837,0.00047712117654037997,0.001115664122532331,0.001718187298289157,0.0018594285912079,0.002158257925015053,0.002823927117447752
269,141.0,7.418941724201461,2.2809474536410157,4.060826827905811,4.809058356493595,7.108786548371317,9.00510898212867,11.63809560871755
270,141.0,0.01321493886714568,0.004001750325808595,0.006347501694672584,0.009328861115604273,0.01304352847812754,0.01531722508846402,0.02131224240208649
271,141.0,0.018183238143757587,0.005374798033317459,0.008634878228463415,0.01295869909685328,0.0182709871913687,0.02119751174898121,0.02858498127591436
272,141.0,297.6722118088477,74.8337188477265,175.0711139616479,268.7728680758519,291.422783379963,333.1444247838493,441.6204446377061
273,141.0,2.101931846168952,0.5658489235815821,1.165518973623741,1.943168128672012,2.101646186918535,2.325819405516879,3.127533950812876
274,141.0,4.796871519734368,1.7176716470729099,1.822919533715128,3.712878712081883,4.324142550817687,5.524659168736765,8.566197074509644
275,141.0,15.50042553191489,1.7676161801947623,13.3,14.0,15.5,16.2,19.0
276,141.0,46.346099290780145,16.89721856963657,26.6,32.29,42.7,48.0,85.9
277,141.0,11.504125515685155,4.502408838223019,5.978327096429307,6.334817288277545,12.5097865284629,15.60650748017867,19.00125581753279
278,141.0,0.20949410130459983,0.2195347661730884,0.01379234706900867,0.01630040457551729,0.1444552887053039,0.4935042801789322,0.5956819669146647
279,141.0,10850.74313696876,13894.113912961591,1.686127353948227,2.222918551482275,5669.830575347227,32433.61699652619,32706.77968876779
281,141.0,0.00878126777564749,0.002680034214440611,0.005777009597999897,0.005921852723269632,0.009014184415693223,0.01105984747764696,0.01377611870172231
282,141.0,40.812831749744575,6.004858807692973,34.8455441697584,35.68980850673119,38.77783018984193,43.75809756927739,54.04128255041165
283,141.0,0.8317289104326513,0.006991995911431326,0.8229330095677211,0.825664299629871,0.831520997169356,0.8342365640919559,0.8461293938299727
284,141.0,1.1387964965697213,0.011038875969197042,1.114730236723943,1.133816337191738,1.139984644785746,1.148660234017101,1.154798685430124
285,141.0,1408.8285134777943,423.71060570701445,932.4555338572591,955.6138823016705,1447.49707442375,1770.250403884961,2195.598573714885
286,141.0,10.411434582120442,3.1996780169159256,6.824872740868027,6.924206139755341,10.55146235791636,13.27988115438961,16.28410417093848
287,141.0,13.287548872465186,1.4779378541487571,11.55417360270697,12.06331313891688,13.22029618853273,13.79234706900932,16.30040457551399
288,141.0,29.20886524822695,2.361635962087837,26.1,27.2,29.29,29.7,34.29
289,141.0,98.59751773049643,1.4396022049899602,95.9,96.59,98.9,99.9,99.9
290,141.0,22.690013431088556,2.0617840388689332,19.85087555718814,20.49654110989215,22.79609634163432,24.0893660019325,26.08914019678812
291,141.0,15.13679325937253,5.443205240752331,3.413682047921338,13.32374431709323,15.09079623987832,19.12907150070142,24.4823891232138
292,141.0,13535.451573444358,17020.65376438318,5.752764822079611,6.925817312691778,7556.80625562861,39922.40905533206,40245.57094450259
293,141.0,4090.5574216927494,586.5615961642387,3383.081134959062,3609.418880797811,4076.008467965824,4173.452371042935,5410.545947717113
294,141.0,0.017528752960510062,0.0022668188482463736,0.01454389885128976,0.01515297176069326,0.01751398151669616,0.01898333877764309,0.02147611746837235
295,141.0,71.72853636305373,7.980223047857007,59.40780067592914,66.1862212225272,73.48670602934926,79.24036548489983,84.64139168163767
296,141.0,0.8782025214474423,0.008572651481991987,0.8659517997524677,0.8705794545553254,0.8772047979540503,0.8819770603031026,0.8970780257462815
297,141.0,1.2023986146858072,0.01003859632821032,1.181852335224448,1.198700755928234,1.202615452170392,1.211145983238321,1.215165740556805
298,141.0,2776.0609082337355,349.06165528684375,2315.169239939606,2409.81856488967,2775.013101718936,3000.931075578978,3381.843055660728
299,141.0,20.135853996448184,2.341408432356036,17.07158603848474,17.78161337720854,19.87463025938247,21.80911435604151,24.23150710517604
300,141.0,29.28356532812315,3.9442330396498595,24.49599456112931,26.03913013725284,29.20200498711701,29.85964953954803,38.13269858851797
301,141.0,0.7044917257683218,0.5405276648596881,0.0,0.2333333333333333,0.65,1.116666666666667,1.916666666666667
302,141.0,1.6699763593380617,1.5528573507628056,0.25,0.7,1.116666666666667,1.9,5.933333333333334
303,141.0,1.8433806146572105,1.4750960144061005,0.25,1.083333333333333,1.366666666666667,1.9,5.933333333333334
304,141.0,1.43451536643026,2.0498873811401017,0.0,0.0,0.05,2.883333333333333,5.35
305,141.0,8.024468085106381,1.5177319037670192,4.633333333333334,7.266666666666667,8.016666666666667,9.3,10.26666666666667
306,141.0,1.233687943262411,0.915826255627373,0.2900000000000009,0.4000000000000021,1.1,1.489999999999998,3.300000000000001
307,141.0,3.1211347517730497,1.2574992713423518,1.289999999999999,1.809999999999999,3.289999999999999,3.809999999999999,5.59
308,141.0,-0.4995744680851061,1.767616180194762,-2.699999999999999,-2.0,-0.5,0.1999999999999993,3.0
309,141.0,3.20886524822695,2.3616359620878375,0.1000000000000014,1.199999999999999,3.289999999999999,3.699999999999999,8.29
310,141.0,20180482.25531915,81.47483434913411,20180331.0,20180414.0,20180505.0,20180526.0,20180609.0
311,141.0,20.76833076996287,2.335889287076936,16.63067361111105,19.18677777777776,20.21155771905423,23.2300071787509,24.30377345378741
312,141.0,80.8931553673678,9.700511052130851,69.87205555555475,72.50615010423779,76.82052777777697,91.2445378735227,99.24114445219583
313,141.0,16.651816695188366,2.2677922078752446,14.16760417711956,14.38554104350572,16.0232436034378,18.05031669587485,22.21020017773404
314,141.0,4.642692936166457,2.5958866430282743,0.11409752426615,2.607806713629228,4.974193530197738,6.891656543954746,8.527043759879552
315,141.0,9700.710067749686,12530.695495415746,0.8713190744529887,1.18166451585242,4895.452998919434,29183.1270544582,29435.98632087867
316,141.0,2572.552648254633,413.51878003883087,1898.239217766794,2349.169978215268,2437.685652264673,3008.947221798758,3286.917269881425
317,141.0,0.012088352306333738,0.001892688751078384,0.01011018687584768,0.01047812281962407,0.01139440835932592,0.01302755423343616,0.01716658922007616
318,141.0,51.59036369196199,6.421829269368852,45.57209912019181,46.14617841281593,48.47092492563101,56.01200371626849,67.73971802306644
319,141.0,0.8490167868813359,0.008397218433805856,0.8361280502256196,0.8427137910299193,0.8458596253007747,0.8571257264667506,0.8649562304367627
320,141.0,1.178293059133384,0.011427888718116907,1.156667159624164,1.167196855663496,1.182454105439656,1.186745594857113,1.196027128389769
321,141.0,1929.9989038289414,295.12836214583626,1620.396940992522,1677.257369564404,1822.647616875163,2078.244342658792,2718.877188783918
322,141.0,14.210770609331322,2.0891338524281142,11.97333851922801,12.35542690880418,13.6244565523825,15.19126060188604,19.77929153927138
323,141.0,18.853463545497792,2.8412552261003676,14.18919369200832,17.32784096715648,17.94487770938758,21.85445282512574,23.71830436176554
324,141.0,4.379220034727822,1.6904900583286722,1.23806784350723,4.008501819298868,4.144237869996145,5.725248182128835,7.077026153163726
325,141.0,16.238322884045626,8.375832045105206,0.7714994469280592,10.46397760448444,19.48200872736298,21.87481794196563,26.96271031782239
326,141.0,2.24082327551414,0.876972193943207,1.155205395491735,1.421306533406308,1.981789450597816,3.076578473887665,3.748901184776974
327,141.0,4.770171816774839,2.6419353905863336,0.1412401120773504,3.492578739029102,5.012392491287071,6.930281353287779,8.40466689511562
328,141.0,643.148872441756,766.7247496658517,0.3024716898245502,0.4787903249268079,429.1987374281015,1822.494830288527,1834.000733383637
329,141.0,744.0121446563261,352.31609424908606,152.5808657000987,607.813691428831,676.29510790848,943.0693970289371,1399.583299713169
330,141.0,0.001742283002762316,0.000683396616611311,0.0008749793127639205,0.001129529538075569,0.001687308887653325,0.002246480650282059,0.003265702590731646
331,141.0,7.385705219981375,3.003842206667093,3.484103899030005,4.98505782049991,6.093652860575599,10.78875255578365,13.35264360832777
332,141.0,0.01373453805387692,0.005288735180641908,0.004727373969904324,0.01123267937720483,0.0124001378925244,0.01873482720465379,0.02242992685143659
333,141.0,0.018847554550283478,0.006994638027376932,0.006738141660483016,0.01574361917096212,0.01719591892516818,0.02491970025378941,0.03014312646491329
334,141.0,272.60968191593525,105.95482115084583,137.3228369905731,176.6100303893851,263.3950874766997,352.4097845103771,503.6369731874157
335,141.0,1.8994053225733158,0.7547531132039754,0.9660521377426181,1.232268651943412,1.621410356974229,2.539381674038947,3.350350516429521
336,141.0,5.128370710423316,2.392896951438084,1.077095958359631,4.231965227820098,4.66896124175638,6.4523588369,9.539988082926042
337,141.0,14.856950354609932,1.2202265265470829,12.8,14.19,14.69,15.5,17.5
338,141.0,48.454680851063834,24.06966352525197,18.29,33.59,39.2,62.7,94.09
339,141.0,11.465498700665611,4.571902405094151,3.347619945472958,6.175577376031501,13.54189380511208,15.00771787504761,17.5056541656924
340,141.0,0.25534939097876375,0.22018206408603086,0.01379234706900867,0.0148141183307402,0.2286565954696016,0.536824539061362,0.5859533391948126
341,141.0,8623.048361287489,11244.266437093002,0.3377386040929447,0.5123356791449635,4183.033848440394,26121.26092234431,26354.57818330236
342,141.0,1694.3915575721326,134.83539653509646,1478.324635686837,1618.492758364184,1671.695825327141,1761.148286091394,2000.245784447465
343,141.0,0.008748518625257887,0.0024511656930953914,0.004803945147954869,0.005856749715059141,0.00965442683567222,0.01063435996253882,0.01251293034669135
344,141.0,40.12105178031859,4.002388858328998,34.49264747359474,36.13195040486552,39.14108649123329,42.37304062422186,49.29549765463744
345,141.0,0.829275651805898,0.004832490912505998,0.8213829882187943,0.8268032393591889,0.8282218946383634,0.8318002806307184,0.8401124898364976
346,141.0,1.14032214682969,0.021420608540338223,1.108735602749889,1.120660535025856,1.148985018705804,1.155261350072304,1.178077660838214
347,141.0,1403.928007749241,388.7865500359114,776.5989315530817,945.2061625059307,1548.735720478688,1703.291280438297,1998.245538663018
348,141.0,10.412797998915718,2.991015895529716,5.550805868051796,6.929902080450113,11.67879540535956,12.79085919990607,14.89688095895283
349,141.0,12.743547678493861,0.9586833682974285,11.20202496016745,12.20482328912066,12.5841224199576,13.22029618853273,14.91179275170454
351,141.0,98.25943262411346,1.489959622199613,95.8,96.5,98.4,99.9,99.9
352,141.0,22.485267798157846,2.2665236824655755,19.11425851160806,21.28646933712862,22.65807323875366,23.55515752125988,27.54079419782704
353,141.0,15.789781668701139,8.12688806790083,0.9799599802589789,13.21898614007105,17.05563023990061,20.71906797893877,27.8358917610556
354,141.0,10849.040039568277,13892.115816651167,1.684505973556778,2.192654014118996,5668.667210305104,32428.84121217775,32701.97136002955
355,141.0,4220.465037549469,1103.4923585303318,2322.914851524145,3544.335894654815,4173.452371042935,5091.137480083727,6209.455326031576
356,141.0,0.01733623813357594,0.0025630227849698668,0.01387608125301288,0.01592940792647447,0.01736340619993138,0.01836338683882608,0.02346780203578445
357,141.0,71.09768460681083,10.84112099818239,55.21253908123983,62.80181914611417,68.08741303400083,79.11376524405755,93.91379121312394
358,141.0,0.8772528368613316,0.01649814557177464,0.8488404739705274,0.8656049991955612,0.8703333670323934,0.89233087874994,0.9019282843626538
359,141.0,1.2059122093851837,0.007009800005903571,1.190316787451428,1.202211664609854,1.207405897469835,1.209477602887776,1.217458864309504
360,141.0,2746.046790018946,393.7521868958036,2211.182647165833,2530.213911402386,2751.803046918225,2905.738092540623,3684.070243598146
361,141.0,19.82198513604084,2.639620697344783,16.34987867885769,17.99587133132308,19.51699942227869,20.51857337961902,26.07944791501916
362,141.0,30.11543751935021,7.447286200273216,17.1760465162913,25.59602577382718,29.85964953954803,36.00922402634445,43.41029136572227
363,141.0,0.7262411347517731,0.6416627521295349,0.0,0.3333333333333333,0.7666666666666667,0.8666666666666667,2.483333333333333
364,141.0,1.0787234042553193,0.9051048049087814,0.0,0.5166666666666667,0.8666666666666667,1.45,3.033333333333333
365,141.0,1.6901891252955084,1.4019247977617446,0.0,1.05,1.366666666666667,2.466666666666667,5.05
366,141.0,1.6817966903073283,1.8616800962013162,0.0,0.0,0.9833333333333333,3.833333333333333,5.1
367,141.0,8.55401891252955,2.077692268249685,5.583333333333333,6.583333333333333,8.583333333333334,9.95,12.0
368,141.0,1.5213475177304965,0.8399066443515831,0.5899999999999999,0.8000000000000007,1.31,2.109999999999999,3.01
369,141.0,3.1521276595744676,1.7778292576344084,0.4000000000000021,0.8099999999999987,3.5,5.100000000000001,5.399999999999999
370,141.0,-1.1430496453900707,1.2202265265470826,-3.199999999999999,-1.81,-1.31,-0.5,1.5
371,141.0,3.3446099290780142,4.783612280891995,-6.109999999999999,0.8900000000000006,3.699999999999999,7.200000000000003,10.79
372,141.0,20180488.63829787,73.09585454297515,20180401.0,20180415.0,20180506.0,20180527.0,20180610.0
373,141.0,20.428723432735115,1.5981814935727128,18.23387074357191,19.34951849267279,20.20852777777783,20.75345583038877,23.79334722222231
374,141.0,84.53523408458842,8.764443071956734,71.56583738707349,73.94813642756601,87.76487632508804,89.9477083333331,99.02170272156171
375,141.0,17.277029765498074,2.3469774114085853,13.74798774703572,14.25330665336467,17.99587001061296,19.20508232391681,20.96186484628014
376,141.0,3.4360614528311935,2.209345575183875,0.1584075368642259,2.095452539251781,2.649957700100482,5.38800422600926,7.503306045848692
377,141.0,32774.55127355102,37863.55641740487,188.6515406474889,3580.903882561931,23399.83558674431,93080.35922491935,93203.90673981786
378,141.0,2484.048514586283,273.26812751515996,2155.54951111523,2306.171816153858,2420.955135925699,2525.817869739849,3127.043326484511
379,141.0,0.012608042914169401,0.0018074760110695562,0.01004489572194861,0.01023042103683156,0.01304286320923434,0.0140125612747524,0.01568531777574787
380,141.0,52.561225969176995,5.6283545271079465,44.27041642753892,45.98296012972963,54.82650968749099,56.70043402439705,63.00010603334023
381,141.0,0.8487334533102766,0.0062422279880937695,0.8392131107272124,0.843436254587218,0.8474743056223829,0.8508878741957862,0.8602313159165578
382,141.0,1.1785973241336867,0.008631575734823116,1.16270335991101,1.175354217956166,1.180043055472515,1.185825591675258,1.19185691355829
383,141.0,2011.2440908235649,283.13221441602536,1608.790821036168,1638.976643027231,2080.024257029127,2232.016512428089,2491.721465301349
384,141.0,14.82307288679789,2.0434614597039897,11.88130916344914,12.18190907701973,15.27607725506281,16.52784682454693,18.21430013821022
385,141.0,18.259134339629092,1.8805887934221468,15.97504776602261,17.00126061177063,17.85036440245891,18.52714469263858,22.65637017147934
386,141.0,3.9155193571559908,1.4177752504866594,1.361801962997759,3.076477331465576,3.945775749769579,5.599614834265854,6.11654417333143
387,141.0,13.657738713787156,6.828271677027062,2.238411036923952,9.429702744578087,11.97837724678541,19.78186917316656,25.54928038536461
388,141.0,2.335363311522115,1.0882178970888075,1.295004008837352,1.461550476587494,1.788040973387604,3.570242725030798,4.716632145067054
389,141.0,3.529230132130791,2.074033982054781,0.3598633652874643,2.580505970581637,2.827091850270643,5.000250410418251,7.197401995699254
390,141.0,1779.4983312803774,1830.1997539407878,30.66650766301603,332.9256592977837,1520.319296968884,4605.930798621029,4662.516596850777
391,141.0,615.9544875865412,253.81776405625288,195.1065595241131,464.8835564247684,582.7154910323444,815.1086218736418,1152.409404980784
392,141.0,0.0019304193747031258,0.0008403421030289403,0.001104790371487597,0.001221054951551984,0.001632917945941532,0.002527858861959391,0.003592609783452735
393,141.0,7.859094918118754,3.158239646269645,3.924675032364666,5.611201943539106,6.710869153051698,10.60011958151396,14.07853456122373
394,141.0,0.013021224638902444,0.004457655226606137,0.005694411277123846,0.01007481973235378,0.01199976209680672,0.01677053814509688,0.02013700228088199
395,141.0,0.018013720500802938,0.006144299035582587,0.007895464908795523,0.01395809138239177,0.01616619681457957,0.02359350020308481,0.02819754236514398
396,141.0,301.2431313955946,131.05609876859066,172.4566782600768,190.463044601999,256.9580338852572,397.1419252440299,562.4518181138181
397,141.0,2.1036804150874877,0.9217375486833936,1.154145124195457,1.45690193591774,1.693845400357721,2.923732109728781,3.937394700224281
398,141.0,4.270306427152051,1.7374189818809571,1.363562493775171,3.235526446091459,4.064280625188172,5.677590536214113,7.888916205278452
399,141.0,14.979858156028367,2.476494061547379,10.69,12.5,15.3,17.6,18.2
400,141.0,53.03617021276596,16.926911272525874,28.2,38.4,59.5,66.4,86.3
401,141.0,12.932669007311825,4.259604094569538,5.625563610867851,9.553969163930255,14.51618485460185,16.77539977376535,18.18775481368865
402,141.0,0.20627008293379837,0.2431859276828691,0.01330073674402499,0.01500107083736246,0.06336317881532416,0.4793114471474134,0.651769197972639
403,141.0,29772.72685381317,34770.08223308409,139.5732715327647,3029.694518183829,20842.74773334361,85200.95614529321,85389.05067578617
404,141.0,1721.9083149146063,267.00443739522706,1285.934308788405,1449.513349204822,1738.679321872145,2012.91373227803,2090.408912852497
405,141.0,0.009593204266732122,0.002487587462749698,0.005636860789749273,0.007387223758027333,0.01029619044554545,0.01193497674044972,0.01307545554662126
406,141.0,41.11051585177165,7.179372919746133,28.88668829975838,34.10533804347951,41.92622985060167,48.64125352775628,51.44101835685034
407,141.0,0.8299557520501171,0.009540932253862306,0.8135721796234093,0.820479563180966,0.8311000056022373,0.8405086276733591,0.8428824428350385
408,141.0,1.1409828275237726,0.014348420100104764,1.10891396236995,1.131298611715924,1.14720397970415,1.149229576998881,1.163985111362483
409,141.0,1537.5244367808114,393.60861312643715,910.0375646419756,1189.306368407102,1650.009145781275,1907.687249233754,2086.228095026792
410,141.0,11.408094063011271,2.9812424649645495,6.678612344421969,8.772688156598552,12.16310579365656,14.14875117154614,15.51542191186924
411,141.0,12.932872216887098,1.9009689780386194,9.816620634652015,10.99524253430253,13.06067938235169,15.00107083736101,15.54651494175275
412,141.0,27.84170212765957,2.7660957419249677,22.1,26.0,27.5,29.29,33.5
413,141.0,98.50971631205672,1.816592156154884,95.4,96.19,99.59,99.9,99.9
414,141.0,23.950474957641802,3.1396119692175533,17.89174786837001,22.0913294496662,24.06834001942618,25.05996321237336,30.34065585822808
415,141.0,12.393206702628836,5.732502294645913,2.246365237870078,8.42767887149942,9.57075805964232,16.45152963796033,21.81692773327318
416,141.0,35928.96823158256,41083.31370821825,245.7917322514611,4182.124428889263,26117.25292954466,101325.0,101325.0
417,141.0,3789.9051763053326,617.3964072438506,2660.928551584723,3363.132388969139,3673.39109286863,4076.008467965824,5177.372690290533
418,141.0,0.019147076302659462,0.003811648299964028,0.01282859680153002,0.01675731278762937,0.01895858428854674,0.02015842683699196,0.02779117980027043
419,141.0,75.80922369240987,11.558794632369708,59.8737672701894,65.58853882015542,73.75162265134739,80.12820668117914,102.7816170470718
421,141.0,1.2050422184378478,0.01390514149715716,1.186405065736683,1.189755782481537,1.203224633930033,1.218799400832168,1.229147241075629
422,141.0,3022.6067274377183,581.9801171459383,2047.637000293213,2658.267623033139,2997.133578982951,3180.860253636115,4333.742986458676
423,141.0,21.853684673790053,3.987839108331918,15.20716291567725,19.50857816396943,21.75306179273957,22.84852043419923,30.82327577754405
424,141.0,27.244953601838652,4.180433287675615,19.52810627023967,24.35969122211079,26.47419619529958,29.20200498711701,36.583334001613
425,141.0,0.933096926713948,0.6446574881640972,0.0,0.3166666666666667,1.066666666666667,1.65,1.85
426,141.0,2.6010638297872344,1.8501911235101371,0.0,1.066666666666667,2.133333333333333,3.566666666666667,6.7
427,141.0,2.9608747044917254,1.8361428535474424,0.0,1.6,2.683333333333333,4.283333333333333,6.866666666666666
428,141.0,0.9563829787234044,1.9744897467994469,0.0,0.0,0.0,0.1333333333333333,5.266666666666667
429,141.0,8.123167848699765,2.287081363418324,3.25,6.666666666666667,8.666666666666666,9.483333333333333,11.66666666666667
430,141.0,1.5446099290780144,1.1628594791230897,0.2899999999999991,0.6099999999999994,1.01,2.400000000000002,4.01
431,141.0,2.929219858156029,1.9588130775410129,0.8999999999999986,1.5,2.5,3.699999999999999,8.0
432,141.0,-1.0201418439716312,2.4764940615473785,-5.31,-3.5,-0.6999999999999993,1.600000000000001,2.199999999999999
433,141.0,1.8417021276595749,2.7660957419249677,-3.899999999999999,0.0,1.5,3.289999999999999,7.5
(cm),141.0,190.7659574468085,57.460251888696604,96.0,133.0,195.0,236.0,304.0
(mm),141.0,5.842553191489362,1.1634452557906987,2.8,5.1,5.8,6.6,8.7
(cm),141.0,22.407801418439718,5.269725811815285,7.0,19.5,23.0,26.0,33.0
(cm),141.0,14.78581560283688,4.305537656160024,3.0,12.0,15.0,17.0,24.0
leaf_area,141.0,0.8334959091801815,0.5535680194393725,0.04547043356643356,0.3851792307692308,0.6924768111888113,1.110777734265734,2.286513230769231
