농장,화방번호,날짜,개화수,착과수,수확수,개당무게,총무게,초장,잎길이,잎폭,잎수
명성호,2,1,2.06 ,0.00 ,0.00 ,0.00 ,0.00 ,76.6,29.1,20.2,8
명성호,2,2,3.88 ,2.94 ,0.00 ,0.00 ,0.00 ,91.9,28.5,20.9,8.6
명성호,2,3,2.63 ,7.38 ,0.00 ,0.00 ,0.00 ,102.8,21.9,16.1,11.1
명성호,2,4,1.06 ,11.00 ,0.00 ,0.00 ,0.00 ,115.4,16.8,11.3,11.6
명성호,2,5,0.13 ,11.88 ,0.00 ,0.00 ,0.00 ,129.6,14,8.8,14.4
명성호,2,6,0.00 ,12.00 ,0.00 ,0.00 ,0.00 ,154.9,19.1,11.2,16.3
명성호,2,7,0.00 ,9.63 ,0.00 ,0.00 ,0.00 ,179.2,21.8,13.4,15.8
명성호,2,8,0.00 ,11.94 ,0.00 ,0.00 ,0.00 ,196.2,21.9,13.8,14.7
명성호,2,9,0.00 ,8.50 ,3.06 ,14.22 ,42.68 ,213.1,23.9,14.3,17.1
명성호,2,10,0.00 ,4.31 ,3.50 ,12.21 ,46.19 ,230.1,25.7,16,17.6
명성호,2,11,0.00 ,0.81 ,0.81 ,4.35 ,9.19 ,245,25.5,17.5,20.1
명성호,2,12,0.00 ,0.19 ,0.06 ,0.24 ,0.24 ,254.1,26.8,18.9,20.1
명성호,2,13,0.00 ,0.00 ,0.00 ,0.00 ,0.00 ,254.1,26.8,19.9,20.6
명성호,2,14,0.00 ,0.00 ,0.00 ,0.00 ,0.00 ,254.1,27.3,20.1,21.1
명성호,2,15,0.00 ,0.00 ,0.00 ,0.00 ,0.00 ,254.1,24.5,18.8,22.4
명성호,3,1,0.00 ,0.00 ,0.00 ,0.00 ,0.00 ,76.6,29.1,20.2,8
명성호,3,2,0.75 ,0.00 ,0.00 ,0.00 ,0.00 ,91.9,28.5,20.9,8.6
명성호,3,3,3.50 ,1.44 ,0.00 ,0.00 ,0.00 ,102.8,21.9,16.1,11.1
명성호,3,4,3.69 ,7.69 ,0.00 ,0.00 ,0.00 ,115.4,16.8,11.3,11.6
명성호,3,5,2.00 ,12.06 ,0.00 ,0.00 ,0.00 ,129.6,14,8.8,14.4
명성호,3,6,0.19 ,14.13 ,0.00 ,0.00 ,0.00 ,154.9,19.1,11.2,16.3
명성호,3,7,0.00 ,11.13 ,0.00 ,0.00 ,0.00 ,179.2,21.8,13.4,15.8
명성호,3,8,0.00 ,14.25 ,0.00 ,0.00 ,0.00 ,196.2,21.9,13.8,14.7
명성호,3,9,0.00 ,14.25 ,0.00 ,0.00 ,0.00 ,213.1,23.9,14.3,17.1
명성호,3,10,0.00 ,10.75 ,4.63 ,13.28 ,65.07 ,230.1,25.7,16,17.6
명성호,3,11,0.00 ,5.19 ,4.13 ,11.10 ,51.64 ,245,25.5,17.5,20.1
명성호,3,12,0.00 ,0.88 ,1.06 ,4.21 ,11.57 ,254.1,26.8,18.9,20.1
명성호,3,13,0.00 ,0.00 ,0.19 ,1.02 ,3.06 ,254.1,26.8,19.9,20.6
명성호,3,14,0.00 ,0.00 ,0.00 ,0.00 ,0.00 ,254.1,27.3,20.1,21.1
명성호,3,15,0.00 ,0.00 ,0.00 ,0.00 ,0.00 ,254.1,24.5,18.8,22.4
명성호,4,1,0.00 ,0.00 ,0.00 ,0.00 ,0.00 ,76.6,29.1,20.2,8
명성호,4,2,0.00 ,0.00 ,0.00 ,0.00 ,0.00 ,91.9,28.5,20.9,8.6
명성호,4,3,0.13 ,0.00 ,0.00 ,0.00 ,0.00 ,102.8,21.9,16.1,11.1
명성호,4,4,3.25 ,0.69 ,0.00 ,0.00 ,0.00 ,115.4,16.8,11.3,11.6
명성호,4,5,4.00 ,5.75 ,0.00 ,0.00 ,0.00 ,129.6,14,8.8,14.4
명성호,4,6,1.69 ,11.13 ,0.00 ,0.00 ,0.00 ,154.9,19.1,11.2,16.3
명성호,4,7,0.13 ,12.44 ,0.00 ,0.00 ,0.00 ,179.2,21.8,13.4,15.8
명성호,4,8,0.00 ,13.19 ,0.00 ,0.00 ,0.00 ,196.2,21.9,13.8,14.7
명성호,4,9,0.00 ,13.19 ,0.00 ,0.00 ,0.00 ,213.1,23.9,14.3,17.1
명성호,4,10,0.00 ,13.13 ,2.63 ,7.96 ,37.61 ,230.1,25.7,16,17.6
명성호,4,11,0.00 ,10.88 ,6.50 ,13.44 ,84.22 ,245,25.5,17.5,20.1
명성호,4,12,0.00 ,3.25 ,3.13 ,11.13 ,36.14 ,254.1,26.8,18.9,20.1
명성호,4,13,0.00 ,0.50 ,0.19 ,0.44 ,2.48 ,254.1,26.8,19.9,20.6
명성호,4,14,0.00 ,0.00 ,0.06 ,0.61 ,0.61 ,254.1,27.3,20.1,21.1
명성호,4,15,0.00 ,0.00 ,0.00 ,0.00 ,0.00 ,254.1,24.5,18.8,22.4
명성호,5,1,0.00 ,0.00 ,0.00 ,0.00 ,0.00 ,76.6,29.1,20.2,8
명성호,5,2,0.00 ,0.00 ,0.00 ,0.00 ,0.00 ,91.9,28.5,20.9,8.6
명성호,5,3,0.00 ,0.00 ,0.00 ,0.00 ,0.00 ,102.8,21.9,16.1,11.1
명성호,5,4,0.00 ,0.00 ,0.00 ,0.00 ,0.00 ,115.4,16.8,11.3,11.6
명성호,5,5,1.75 ,0.25 ,0.00 ,0.00 ,0.00 ,129.6,14,8.8,14.4
명성호,5,6,2.44 ,3.69 ,0.00 ,0.00 ,0.00 ,154.9,19.1,11.2,16.3
명성호,5,7,1.38 ,8.19 ,0.00 ,0.00 ,0.00 ,179.2,21.8,13.4,15.8
명성호,5,8,0.31 ,8.69 ,0.00 ,0.00 ,0.00 ,196.2,21.9,13.8,14.7
명성호,5,9,0.13 ,9.13 ,0.00 ,0.00 ,0.00 ,213.1,23.9,14.3,17.1
명성호,5,10,0.00 ,9.38 ,0.00 ,0.00 ,0.00 ,230.1,25.7,16,17.6
명성호,5,11,0.00 ,9.38 ,1.44 ,6.09 ,24.18 ,245,25.5,17.5,20.1
명성호,5,12,0.00 ,6.38 ,3.81 ,11.59 ,50.36 ,254.1,26.8,18.9,20.1
명성호,5,13,0.00 ,2.44 ,0.81 ,7.09 ,19.35 ,254.1,26.8,19.9,20.6
명성호,5,14,0.00 ,0.50 ,0.25 ,2.22 ,3.24 ,254.1,27.3,20.1,21.1
명성호,5,15,0.00 ,0.44 ,0.31 ,0.57 ,2.87 ,254.1,24.5,18.8,22.4
명성호,6,1,0.00 ,0.00 ,0.00 ,0.00 ,0.00 ,76.6,29.1,20.2,8
명성호,6,2,0.00 ,0.00 ,0.00 ,0.00 ,0.00 ,91.9,28.5,20.9,8.6
명성호,6,3,0.00 ,0.00 ,0.00 ,0.00 ,0.00 ,102.8,21.9,16.1,11.1
명성호,6,4,0.00 ,0.00 ,0.00 ,0.00 ,0.00 ,115.4,16.8,11.3,11.6
명성호,6,5,0.00 ,0.00 ,0.00 ,0.00 ,0.00 ,129.6,14,8.8,14.4
명성호,6,6,1.00 ,0.19 ,0.00 ,0.00 ,0.00 ,154.9,19.1,11.2,16.3
명성호,6,7,3.00 ,3.00 ,0.00 ,0.00 ,0.00 ,179.2,21.8,13.4,15.8
명성호,6,8,1.38 ,6.94 ,0.00 ,0.00 ,0.00 ,196.2,21.9,13.8,14.7
명성호,6,9,0.13 ,8.44 ,0.00 ,0.00 ,0.00 ,213.1,23.9,14.3,17.1
명성호,6,10,0.00 ,8.31 ,0.00 ,0.00 ,0.00 ,230.1,25.7,16,17.6
명성호,6,11,0.13 ,8.44 ,0.38 ,0.80 ,4.78 ,245,25.5,17.5,20.1
명성호,6,12,0.00 ,6.88 ,1.13 ,3.26 ,11.88 ,254.1,26.8,18.9,20.1
명성호,6,13,0.00 ,6.13 ,3.31 ,5.46 ,27.04 ,254.1,26.8,19.9,20.6
명성호,6,14,0.00 ,2.06 ,1.19 ,5.45 ,11.49 ,254.1,27.3,20.1,21.1
명성호,6,15,0.00 ,0.31 ,0.06 ,0.63 ,0.63 ,254.1,24.5,18.8,22.4
명성호,7,1,0.00 ,0.00 ,0.00 ,0.00 ,0.00 ,76.6,29.1,20.2,8
명성호,7,2,0.00 ,0.00 ,0.00 ,0.00 ,0.00 ,91.9,28.5,20.9,8.6
명성호,7,3,0.00 ,0.00 ,0.00 ,0.00 ,0.00 ,102.8,21.9,16.1,11.1
명성호,7,4,0.00 ,0.00 ,0.00 ,0.00 ,0.00 ,115.4,16.8,11.3,11.6
명성호,7,5,0.00 ,0.00 ,0.00 ,0.00 ,0.00 ,129.6,14,8.8,14.4
명성호,7,6,0.00 ,0.00 ,0.00 ,0.00 ,0.00 ,154.9,19.1,11.2,16.3
명성호,7,7,0.94 ,0.19 ,0.00 ,0.00 ,0.00 ,179.2,21.8,13.4,15.8
명성호,7,8,2.13 ,2.44 ,0.00 ,0.00 ,0.00 ,196.2,21.9,13.8,14.7
명성호,7,9,0.94 ,7.13 ,0.00 ,0.00 ,0.00 ,213.1,23.9,14.3,17.1
명성호,7,10,0.06 ,8.13 ,0.00 ,0.00 ,0.00 ,230.1,25.7,16,17.6
명성호,7,11,0.06 ,8.00 ,0.00 ,0.00 ,0.00 ,245,25.5,17.5,20.1
명성호,7,12,0.19 ,5.88 ,0.00 ,0.00 ,0.00 ,254.1,26.8,18.9,20.1
명성호,7,13,0.00 ,5.38 ,0.88 ,1.06 ,4.49 ,254.1,26.8,19.9,20.6
명성호,7,14,0.00 ,3.94 ,1.75 ,4.10 ,16.99 ,254.1,27.3,20.1,21.1
명성호,7,15,0.00 ,2.19 ,1.06 ,2.45 ,10.98 ,254.1,24.5,18.8,22.4
명성호,8,1,0.00 ,0.00 ,0.00 ,0.00 ,0.00 ,76.6,29.1,20.2,8
명성호,8,2,0.00 ,0.00 ,0.00 ,0.00 ,0.00 ,91.9,28.5,20.9,8.6
명성호,8,3,0.00 ,0.00 ,0.00 ,0.00 ,0.00 ,102.8,21.9,16.1,11.1
명성호,8,4,0.00 ,0.00 ,0.00 ,0.00 ,0.00 ,115.4,16.8,11.3,11.6
명성호,8,5,0.00 ,0.00 ,0.00 ,0.00 ,0.00 ,129.6,14,8.8,14.4
명성호,8,6,0.00 ,0.00 ,0.00 ,0.00 ,0.00 ,154.9,19.1,11.2,16.3
명성호,8,7,0.00 ,0.00 ,0.00 ,0.00 ,0.00 ,179.2,21.8,13.4,15.8
명성호,8,8,0.75 ,0.25 ,0.00 ,0.00 ,0.00 ,196.2,21.9,13.8,14.7
명성호,8,9,1.63 ,2.06 ,0.00 ,0.00 ,0.00 ,213.1,23.9,14.3,17.1
명성호,8,10,1.56 ,6.00 ,0.00 ,0.00 ,0.00 ,230.1,25.7,16,17.6
명성호,8,11,0.44 ,6.63 ,0.00 ,0.00 ,0.00 ,245,25.5,17.5,20.1
명성호,8,12,0.63 ,4.94 ,0.00 ,0.00 ,0.00 ,254.1,26.8,18.9,20.1
명성호,8,13,0.00 ,3.75 ,0.13 ,0.00 ,0.00 ,254.1,26.8,19.9,20.6
명성호,8,14,0.00 ,3.44 ,0.25 ,0.53 ,2.12 ,254.1,27.3,20.1,21.1
명성호,8,15,0.00 ,3.13 ,0.19 ,0.48 ,1.45 ,254.1,24.5,18.8,22.4
명성호,9,1,0.00 ,0.00 ,0.00 ,0.00 ,0.00 ,76.6,29.1,20.2,8
명성호,9,2,0.00 ,0.00 ,0.00 ,0.00 ,0.00 ,91.9,28.5,20.9,8.6
명성호,9,3,0.00 ,0.00 ,0.00 ,0.00 ,0.00 ,102.8,21.9,16.1,11.1
명성호,9,4,0.00 ,0.00 ,0.00 ,0.00 ,0.00 ,115.4,16.8,11.3,11.6
명성호,9,5,0.00 ,0.00 ,0.00 ,0.00 ,0.00 ,129.6,14,8.8,14.4
명성호,9,6,0.00 ,0.00 ,0.00 ,0.00 ,0.00 ,154.9,19.1,11.2,16.3
명성호,9,7,0.00 ,0.00 ,0.00 ,0.00 ,0.00 ,179.2,21.8,13.4,15.8
명성호,9,8,0.00 ,0.00 ,0.00 ,0.00 ,0.00 ,196.2,21.9,13.8,14.7
명성호,9,9,0.13 ,0.06 ,0.00 ,0.00 ,0.00 ,213.1,23.9,14.3,17.1
명성호,9,10,1.56 ,1.13 ,0.00 ,0.00 ,0.00 ,230.1,25.7,16,17.6
명성호,9,11,1.75 ,3.06 ,0.00 ,0.00 ,0.00 ,245,25.5,17.5,20.1
명성호,9,12,1.50 ,5.69 ,0.00 ,0.00 ,0.00 ,254.1,26.8,18.9,20.1
명성호,9,13,0.25 ,4.63 ,0.00 ,0.00 ,0.00 ,254.1,26.8,19.9,20.6
명성호,9,14,0.38 ,3.81 ,0.00 ,0.00 ,0.00 ,254.1,27.3,20.1,21.1
명성호,9,15,0.06 ,4.88 ,0.00 ,0.00 ,0.00 ,254.1,24.5,18.8,22.4
명성호,10,1,0.00 ,0.00 ,0.00 ,0.00 ,0.00 ,76.6,29.1,20.2,8
명성호,10,2,0.00 ,0.00 ,0.00 ,0.00 ,0.00 ,91.9,28.5,20.9,8.6
명성호,10,3,0.00 ,0.00 ,0.00 ,0.00 ,0.00 ,102.8,21.9,16.1,11.1
명성호,10,4,0.00 ,0.00 ,0.00 ,0.00 ,0.00 ,115.4,16.8,11.3,11.6
명성호,10,5,0.00 ,0.00 ,0.00 ,0.00 ,0.00 ,129.6,14,8.8,14.4
명성호,10,6,0.00 ,0.00 ,0.00 ,0.00 ,0.00 ,154.9,19.1,11.2,16.3
명성호,10,7,0.00 ,0.00 ,0.00 ,0.00 ,0.00 ,179.2,21.8,13.4,15.8
명성호,10,8,0.00 ,0.00 ,0.00 ,0.00 ,0.00 ,196.2,21.9,13.8,14.7
명성호,10,9,0.00 ,0.00 ,0.00 ,0.00 ,0.00 ,213.1,23.9,14.3,17.1
명성호,10,10,0.13 ,0.00 ,0.00 ,0.00 ,0.00 ,230.1,25.7,16,17.6
명성호,10,11,1.06 ,1.13 ,0.00 ,0.00 ,0.00 ,245,25.5,17.5,20.1
명성호,10,12,2.13 ,1.63 ,0.00 ,0.00 ,0.00 ,254.1,26.8,18.9,20.1
명성호,10,13,0.44 ,3.25 ,0.00 ,0.00 ,0.00 ,254.1,26.8,19.9,20.6
명성호,10,14,0.31 ,4.00 ,0.00 ,0.00 ,0.00 ,254.1,27.3,20.1,21.1
명성호,10,15,1.13 ,3.25 ,0.00 ,0.00 ,0.00 ,254.1,24.5,18.8,22.4
정택준,1,1,1.10 ,0.00 ,0.00 ,0.00 ,0.00 ,78.50 ,31.30 ,32.50 ,7.00 
정택준,1,2,7.10 ,0.30 ,0.00 ,0.00 ,0.00 ,89.20 ,35.30 ,36.60 ,9.80 
정택준,1,3,5.30 ,6.00 ,0.00 ,0.00 ,0.00 ,99.20 ,33.60 ,36.50 ,9.50 
정택준,1,4,3.50 ,10.20 ,0.00 ,0.00 ,0.00 ,118.50 ,30.60 ,29.30 ,12.00 
정택준,1,5,1.40 ,13.40 ,0.00 ,0.00 ,0.00 ,131.50 ,28.20 ,28.40 ,9.70 
정택준,1,6,0.60 ,14.60 ,0.00 ,0.00 ,0.00 ,154.63 ,26.14 ,24.75 ,12.79 
정택준,1,7,0.80 ,13.30 ,0.00 ,0.00 ,0.00 ,169.57 ,25.80 ,22.79 ,13.40 
정택준,1,8,0.20 ,14.00 ,0.00 ,0.00 ,0.00 ,184.60 ,27.12 ,25.25 ,13.56 
정택준,1,9,0.10 ,9.90 ,0.00 ,0.00 ,0.00 ,194.95 ,25.62 ,20.51 ,16.98 
정택준,1,10,0.00 ,8.00 ,0.00 ,0.00 ,0.00 ,194.50 ,27.94 ,25.07 ,8.14 
정택준,1,11,0.00 ,6.00 ,2.20 ,3.58 ,15.98 ,186.95 ,30.31 ,28.45 ,9.07 
정택준,1,12,0.10 ,4.80 ,1.50 ,5.83 ,14.38 ,183.97 ,29.81 ,28.41 ,8.36 
정택준,1,13,0.40 ,3.60 ,1.00 ,3.26 ,11.98 ,189.02 ,28.92 ,27.41 ,7.97 
정택준,1,14,0.50 ,2.10 ,0.10 ,1.02 ,1.02 ,186.90 ,29.34 ,27.23 ,8.58 
정택준,1,15,0.20 ,1.70 ,0.30 ,0.74 ,2.22 ,192.25 ,29.28 ,27.32 ,8.17 
정택준,1,16,0.00 ,0.00 ,0.00 ,0.00 ,0.00 ,190.07 ,27.96 ,28.01 ,8.35 
정택준,1,17,0.00 ,0.00 ,0.00 ,0.00 ,0.00 ,195.73 ,29.81 ,28.06 ,8.42 
정택준,1,18,0.00 ,0.00 ,0.00 ,0.00 ,0.00 ,193.40 ,29.79 ,28.05 ,8.26 
정택준,2,1,0.00 ,0.00 ,0.00 ,0.00 ,0.00 ,90.10 ,30.68 ,31.21 ,8.10 
정택준,2,2,0.50 ,0.00 ,0.00 ,0.00 ,0.00 ,99.73 ,34.54 ,35.41 ,9.64 
정택준,2,3,3.00 ,0.00 ,0.00 ,0.00 ,0.00 ,109.18 ,33.26 ,35.65 ,9.48 
정택준,2,4,4.50 ,2.10 ,0.00 ,0.00 ,0.00 ,126.10 ,30.46 ,29.12 ,11.62 
정택준,2,5,2.50 ,8.30 ,0.00 ,0.00 ,0.00 ,138.25 ,28.22 ,28.20 ,9.51 
정택준,2,6,1.50 ,11.10 ,0.00 ,0.00 ,0.00 ,154.63 ,26.14 ,24.75 ,12.79 
정택준,2,7,0.70 ,11.50 ,0.00 ,0.00 ,0.00 ,169.57 ,25.80 ,22.79 ,13.40 
정택준,2,8,0.60 ,11.90 ,0.00 ,0.00 ,0.00 ,184.60 ,27.12 ,25.25 ,13.56 
정택준,2,9,0.30 ,10.30 ,0.00 ,0.00 ,0.00 ,194.95 ,25.62 ,20.51 ,16.98 
정택준,2,10,0.30 ,11.10 ,0.00 ,0.00 ,0.00 ,194.50 ,27.94 ,25.07 ,8.14 
정택준,2,11,0.00 ,11.30 ,2.80 ,5.57 ,25.16 ,186.95 ,30.31 ,28.45 ,9.07 
정택준,2,12,0.00 ,8.30 ,2.60 ,8.47 ,31.43 ,183.97 ,29.81 ,28.41 ,8.36 
정택준,2,13,0.00 ,6.00 ,2.60 ,8.18 ,32.52 ,189.02 ,28.92 ,27.41 ,7.97 
정택준,2,14,0.30 ,2.80 ,0.60 ,3.04 ,6.49 ,186.90 ,29.34 ,27.23 ,8.58 
정택준,2,15,0.70 ,1.90 ,0.40 ,1.82 ,3.83 ,192.25 ,29.28 ,27.32 ,8.17 
정택준,2,16,0.00 ,0.60 ,0.10 ,0.65 ,0.65 ,190.07 ,27.96 ,28.01 ,8.35 
정택준,2,17,0.00 ,0.40 ,0.40 ,0.68 ,2.70 ,195.73 ,29.81 ,28.06 ,8.42 
정택준,2,18,0.00 ,0.30 ,0.00 ,0.00 ,0.00 ,193.40 ,29.79 ,28.05 ,8.26 
정택준,3,1,0.00 ,0.00 ,0.00 ,0.00 ,0.00 ,90.10 ,30.68 ,31.21 ,8.10 
정택준,3,2,0.00 ,0.00 ,0.00 ,0.00 ,0.00 ,99.73 ,34.54 ,35.41 ,9.64 
정택준,3,3,0.00 ,0.00 ,0.00 ,0.00 ,0.00 ,109.18 ,33.26 ,35.65 ,9.48 
정택준,3,4,1.30 ,0.00 ,0.00 ,0.00 ,0.00 ,126.10 ,30.46 ,29.12 ,11.62 
정택준,3,5,7.10 ,2.70 ,0.00 ,0.00 ,0.00 ,138.25 ,28.22 ,28.20 ,9.51 
정택준,3,6,5.90 ,10.00 ,0.00 ,0.00 ,0.00 ,154.63 ,26.14 ,24.75 ,12.79 
정택준,3,7,2.90 ,15.80 ,0.00 ,0.00 ,0.00 ,169.57 ,25.80 ,22.79 ,13.40 
정택준,3,8,1.80 ,16.40 ,0.00 ,0.00 ,0.00 ,184.60 ,27.12 ,25.25 ,13.56 
정택준,3,9,0.90 ,15.60 ,0.00 ,0.00 ,0.00 ,194.95 ,25.62 ,20.51 ,16.98 
정택준,3,10,0.20 ,16.20 ,0.00 ,0.00 ,0.00 ,194.50 ,27.94 ,25.07 ,8.14 
정택준,3,11,0.20 ,14.40 ,0.60 ,3.00 ,9.01 ,186.95 ,30.31 ,28.45 ,9.07 
정택준,3,12,0.10 ,16.90 ,1.80 ,3.37 ,20.21 ,183.97 ,29.81 ,28.41 ,8.36 
정택준,3,13,0.00 ,15.10 ,5.30 ,8.08 ,73.33 ,189.02 ,28.92 ,27.41 ,7.97 
정택준,3,14,0.10 ,10.90 ,2.20 ,6.00 ,19.52 ,186.90 ,29.34 ,27.23 ,8.58 
정택준,3,15,0.40 ,3.90 ,1.60 ,4.05 ,12.47 ,192.25 ,29.28 ,27.32 ,8.17 
정택준,3,16,0.00 ,1.20 ,0.80 ,1.83 ,4.39 ,190.07 ,27.96 ,28.01 ,8.35 
정택준,3,17,0.00 ,0.40 ,0.40 ,1.05 ,2.44 ,195.73 ,29.81 ,28.06 ,8.42 
정택준,3,18,0.00 ,0.20 ,0.10 ,0.57 ,0.57 ,193.40 ,29.79 ,28.05 ,8.26 
정택준,4,1,0.00 ,0.00 ,0.00 ,0.00 ,0.00 ,90.10 ,30.68 ,31.21 ,8.10 
정택준,4,2,0.00 ,0.00 ,0.00 ,0.00 ,0.00 ,99.73 ,34.54 ,35.41 ,9.64 
정택준,4,3,0.00 ,0.00 ,0.00 ,0.00 ,0.00 ,109.18 ,33.26 ,35.65 ,9.48 
정택준,4,4,0.00 ,0.00 ,0.00 ,0.00 ,0.00 ,126.10 ,30.46 ,29.12 ,11.62 
정택준,4,5,1.50 ,0.00 ,0.00 ,0.00 ,0.00 ,138.25 ,28.22 ,28.20 ,9.51 
정택준,4,6,5.20 ,1.30 ,0.00 ,0.00 ,0.00 ,154.63 ,26.14 ,24.75 ,12.79 
정택준,4,7,5.00 ,6.90 ,0.00 ,0.00 ,0.00 ,169.57 ,25.80 ,22.79 ,13.40 
정택준,4,8,5.50 ,11.50 ,0.00 ,0.00 ,0.00 ,184.60 ,27.12 ,25.25 ,13.56 
정택준,4,9,4.60 ,13.30 ,0.00 ,0.00 ,0.00 ,194.95 ,25.62 ,20.51 ,16.98 
정택준,4,10,3.80 ,17.40 ,0.00 ,0.00 ,0.00 ,194.50 ,27.94 ,25.07 ,8.14 
정택준,4,11,1.30 ,19.70 ,0.40 ,1.22 ,4.87 ,186.95 ,30.31 ,28.45 ,9.07 
정택준,4,12,0.00 ,17.20 ,0.00 ,0.00 ,0.00 ,183.97 ,29.81 ,28.41 ,8.36 
정택준,4,13,0.00 ,16.60 ,1.20 ,2.29 ,13.71 ,189.02 ,28.92 ,27.41 ,7.97 
정택준,4,14,0.00 ,13.40 ,2.70 ,6.73 ,30.46 ,186.90 ,29.34 ,27.23 ,8.58 
정택준,4,15,0.00 ,13.20 ,2.10 ,7.01 ,20.30 ,192.25 ,29.28 ,27.32 ,8.17 
정택준,4,16,0.00 ,5.90 ,1.70 ,2.89 ,13.25 ,190.07 ,27.96 ,28.01 ,8.35 
정택준,4,17,0.00 ,3.50 ,1.40 ,4.12 ,11.36 ,195.73 ,29.81 ,28.06 ,8.42 
정택준,4,18,0.00 ,1.60 ,0.40 ,1.32 ,2.63 ,193.40 ,29.79 ,28.05 ,8.26 
정택준,5,1,0.00 ,0.00 ,0.00 ,0.00 ,0.00 ,90.10 ,30.68 ,31.21 ,8.10 
정택준,5,2,0.00 ,0.00 ,0.00 ,0.00 ,0.00 ,99.73 ,34.54 ,35.41 ,9.64 
정택준,5,3,0.00 ,0.00 ,0.00 ,0.00 ,0.00 ,109.18 ,33.26 ,35.65 ,9.48 
정택준,5,4,0.00 ,0.00 ,0.00 ,0.00 ,0.00 ,126.10 ,30.46 ,29.12 ,11.62 
정택준,5,5,0.00 ,0.00 ,0.00 ,0.00 ,0.00 ,138.25 ,28.22 ,28.20 ,9.51 
정택준,5,6,0.20 ,0.00 ,0.00 ,0.00 ,0.00 ,154.63 ,26.14 ,24.75 ,12.79 
정택준,5,7,3.70 ,0.80 ,0.00 ,0.00 ,0.00 ,169.57 ,25.80 ,22.79 ,13.40 
정택준,5,8,5.90 ,4.20 ,0.00 ,0.00 ,0.00 ,184.60 ,27.12 ,25.25 ,13.56 
정택준,5,9,5.90 ,6.90 ,0.00 ,0.00 ,0.00 ,194.95 ,25.62 ,20.51 ,16.98 
정택준,5,10,5.60 ,14.30 ,0.00 ,0.00 ,0.00 ,194.50 ,27.94 ,25.07 ,8.14 
정택준,5,11,1.40 ,18.90 ,0.00 ,0.00 ,0.00 ,186.95 ,30.31 ,28.45 ,9.07 
정택준,5,12,0.10 ,23.10 ,0.00 ,0.00 ,0.00 ,183.97 ,29.81 ,28.41 ,8.36 
정택준,5,13,0.00 ,19.30 ,0.00 ,0.00 ,0.00 ,189.02 ,28.92 ,27.41 ,7.97 
정택준,5,14,0.00 ,19.00 ,0.90 ,2.00 ,9.07 ,186.90 ,29.34 ,27.23 ,8.58 
정택준,5,15,0.00 ,17.00 ,1.40 ,2.92 ,13.75 ,192.25 ,29.28 ,27.32 ,8.17 
정택준,5,16,0.00 ,14.50 ,2.10 ,3.23 ,18.06 ,190.07 ,27.96 ,28.01 ,8.35 
정택준,5,17,0.00 ,9.90 ,3.10 ,4.17 ,23.33 ,195.73 ,29.81 ,28.06 ,8.42 
정택준,5,18,0.00 ,6.00 ,1.20 ,2.66 ,10.43 ,193.40 ,29.79 ,28.05 ,8.26 
정택준,6,1,0.00 ,0.00 ,0.00 ,0.00 ,0.00 ,90.10 ,30.68 ,31.21 ,8.10 
정택준,6,2,0.00 ,0.00 ,0.00 ,0.00 ,0.00 ,99.73 ,34.54 ,35.41 ,9.64 
정택준,6,3,0.00 ,0.00 ,0.00 ,0.00 ,0.00 ,109.18 ,33.26 ,35.65 ,9.48 
정택준,6,4,0.00 ,0.00 ,0.00 ,0.00 ,0.00 ,126.10 ,30.46 ,29.12 ,11.62 
정택준,6,5,0.00 ,0.00 ,0.00 ,0.00 ,0.00 ,138.25 ,28.22 ,28.20 ,9.51 
정택준,6,6,0.00 ,0.00 ,0.00 ,0.00 ,0.00 ,154.63 ,26.14 ,24.75 ,12.79 
정택준,6,7,0.20 ,0.00 ,0.00 ,0.00 ,0.00 ,169.57 ,25.80 ,22.79 ,13.40 
정택준,6,8,1.70 ,0.00 ,0.00 ,0.00 ,0.00 ,184.60 ,27.12 ,25.25 ,13.56 
정택준,6,9,3.80 ,0.90 ,0.00 ,0.00 ,0.00 ,194.95 ,25.62 ,20.51 ,16.98 
정택준,6,10,4.10 ,5.60 ,0.00 ,0.00 ,0.00 ,194.50 ,27.94 ,25.07 ,8.14 
정택준,6,11,4.00 ,10.40 ,0.00 ,0.00 ,0.00 ,186.95 ,30.31 ,28.45 ,9.07 
정택준,6,12,0.40 ,13.40 ,0.00 ,0.00 ,0.00 ,183.97 ,29.81 ,28.41 ,8.36 
정택준,6,13,0.00 ,13.30 ,0.00 ,0.00 ,0.00 ,189.02 ,28.92 ,27.41 ,7.97 
정택준,6,14,0.00 ,11.90 ,0.00 ,0.00 ,0.00 ,186.90 ,29.34 ,27.23 ,8.58 
정택준,6,15,0.00 ,14.60 ,0.70 ,2.19 ,7.78 ,192.25 ,29.28 ,27.32 ,8.17 
정택준,6,16,0.00 ,14.40 ,1.50 ,2.71 ,13.31 ,190.07 ,27.96 ,28.01 ,8.35 
정택준,6,17,0.00 ,10.80 ,2.30 ,3.77 ,20.44 ,195.73 ,29.81 ,28.06 ,8.42 
정택준,6,18,0.00 ,4.80 ,1.40 ,3.83 ,13.99 ,193.40 ,29.79 ,28.05 ,8.26 
정택준,7,1,0.00 ,0.00 ,0.00 ,0.00 ,0.00 ,90.10 ,30.68 ,31.21 ,8.10 
정택준,7,2,0.00 ,0.00 ,0.00 ,0.00 ,0.00 ,99.73 ,34.54 ,35.41 ,9.64 
정택준,7,3,0.00 ,0.00 ,0.00 ,0.00 ,0.00 ,109.18 ,33.26 ,35.65 ,9.48 
정택준,7,4,0.00 ,0.00 ,0.00 ,0.00 ,0.00 ,126.10 ,30.46 ,29.12 ,11.62 
정택준,7,5,0.00 ,0.00 ,0.00 ,0.00 ,0.00 ,138.25 ,28.22 ,28.20 ,9.51 
정택준,7,6,0.00 ,0.00 ,0.00 ,0.00 ,0.00 ,154.63 ,26.14 ,24.75 ,12.79 
정택준,7,7,0.00 ,0.00 ,0.00 ,0.00 ,0.00 ,169.57 ,25.80 ,22.79 ,13.40 
정택준,7,8,0.00 ,0.00 ,0.00 ,0.00 ,0.00 ,184.60 ,27.12 ,25.25 ,13.56 
정택준,7,9,0.60 ,0.00 ,0.00 ,0.00 ,0.00 ,194.95 ,25.62 ,20.51 ,16.98 
정택준,7,10,2.00 ,0.00 ,0.00 ,0.00 ,0.00 ,194.50 ,27.94 ,25.07 ,8.14 
정택준,7,11,3.50 ,2.80 ,0.00 ,0.00 ,0.00 ,186.95 ,30.31 ,28.45 ,9.07 
정택준,7,12,3.40 ,6.10 ,0.00 ,0.00 ,0.00 ,183.97 ,29.81 ,28.41 ,8.36 
정택준,7,13,1.10 ,6.40 ,0.00 ,0.00 ,0.00 ,189.02 ,28.92 ,27.41 ,7.97 
정택준,7,14,0.00 ,7.90 ,0.00 ,0.00 ,0.00 ,186.90 ,29.34 ,27.23 ,8.58 
정택준,7,15,0.00 ,8.00 ,0.00 ,0.00 ,0.00 ,192.25 ,29.28 ,27.32 ,8.17 
정택준,7,16,0.00 ,9.10 ,0.60 ,0.95 ,5.70 ,190.07 ,27.96 ,28.01 ,8.35 
정택준,7,17,0.00 ,7.20 ,1.20 ,3.26 ,9.90 ,195.73 ,29.81 ,28.06 ,8.42 
정택준,7,18,0.00 ,5.50 ,0.70 ,0.75 ,5.26 ,193.40 ,29.79 ,28.05 ,8.26 
정택준,8,1,0.00 ,0.00 ,0.00 ,0.00 ,0.00 ,90.10 ,30.68 ,31.21 ,8.10 
정택준,8,2,0.00 ,0.00 ,0.00 ,0.00 ,0.00 ,99.73 ,34.54 ,35.41 ,9.64 
정택준,8,3,0.00 ,0.00 ,0.00 ,0.00 ,0.00 ,109.18 ,33.26 ,35.65 ,9.48 
정택준,8,4,0.00 ,0.00 ,0.00 ,0.00 ,0.00 ,126.10 ,30.46 ,29.12 ,11.62 
정택준,8,5,0.00 ,0.00 ,0.00 ,0.00 ,0.00 ,138.25 ,28.22 ,28.20 ,9.51 
정택준,8,6,0.00 ,0.00 ,0.00 ,0.00 ,0.00 ,154.63 ,26.14 ,24.75 ,12.79 
정택준,8,7,0.00 ,0.00 ,0.00 ,0.00 ,0.00 ,169.57 ,25.80 ,22.79 ,13.40 
정택준,8,8,0.00 ,0.00 ,0.00 ,0.00 ,0.00 ,184.60 ,27.12 ,25.25 ,13.56 
정택준,8,9,0.00 ,0.00 ,0.00 ,0.00 ,0.00 ,194.95 ,25.62 ,20.51 ,16.98 
정택준,8,10,0.00 ,0.00 ,0.00 ,0.00 ,0.00 ,194.50 ,27.94 ,25.07 ,8.14 
정택준,8,11,0.00 ,0.00 ,0.00 ,0.00 ,0.00 ,186.95 ,30.31 ,28.45 ,9.07 
정택준,8,12,0.00 ,0.00 ,0.00 ,0.00 ,0.00 ,183.97 ,29.81 ,28.41 ,8.36 
정택준,8,13,0.00 ,0.00 ,0.00 ,0.00 ,0.00 ,189.02 ,28.92 ,27.41 ,7.97 
정택준,8,14,0.00 ,0.00 ,0.00 ,0.00 ,0.00 ,186.90 ,29.34 ,27.23 ,8.58 
정택준,8,15,0.00 ,0.00 ,0.00 ,0.00 ,0.00 ,192.25 ,29.28 ,27.32 ,8.17 
정택준,8,16,0.00 ,1.10 ,0.00 ,0.00 ,0.00 ,190.07 ,27.96 ,28.01 ,8.35 
정택준,8,17,0.00 ,1.10 ,0.40 ,0.68 ,2.71 ,195.73 ,29.81 ,28.06 ,8.42 
정택준,8,18,0.00 ,0.10 ,0.00 ,0.00 ,0.00 ,193.40 ,29.79 ,28.05 ,8.26 
차근배,1,1,0.80 ,0.00 ,0.00 ,0.00 ,0.00 ,145.30 ,40.70 ,34.70 ,14.70 
차근배,1,2,4.20 ,0.00 ,0.00 ,0.00 ,0.00 ,168.00 ,34.70 ,28.70 ,12.70 
차근배,1,3,5.20 ,4.00 ,0.00 ,0.00 ,0.00 ,181.30 ,35.00 ,23.80 ,15.30 
차근배,1,4,0.00 ,0.00 ,0.00 ,0.00 ,0.00 ,208.70 ,39.00 ,30.30 ,16.00 
차근배,1,5,0.00 ,0.00 ,0.00 ,0.00 ,0.00 ,225.30 ,39.70 ,30.30 ,16.30 
차근배,1,6,0.00 ,0.00 ,0.00 ,0.00 ,0.00 ,247.00 ,36.00 ,29.50 ,19.00 
차근배,1,7,0.00 ,0.00 ,0.00 ,0.00 ,0.00 ,270.00 ,36.00 ,26.30 ,12.30 
차근배,1,8,0.00 ,0.00 ,0.00 ,0.00 ,0.00 ,293.70 ,35.80 ,24.20 ,16.70 
차근배,1,9,0.00 ,0.00 ,0.00 ,0.00 ,0.00 ,313.30 ,37.00 ,26.50 ,11.30 
차근배,1,10,0.00 ,0.00 ,0.00 ,0.00 ,0.00 ,313.30 ,34.80 ,26.30 ,15.00 
차근배,1,11,0.00 ,0.00 ,0.00 ,0.00 ,0.00 ,313.30 ,36.30 ,28.20 ,13.00 
차근배,1,12,0.00 ,0.00 ,0.00 ,0.00 ,0.00 ,313.30 ,37.30 ,31.00 ,14.70 
차근배,1,13,0.00 ,0.00 ,0.00 ,0.00 ,0.00 ,313.30 ,37.30 ,31.30 ,10.00 
차근배,1,14,0.00 ,0.00 ,0.00 ,0.00 ,0.00 ,313.30 ,37.30 ,29.30 ,16.70 
차근배,1,15,0.00 ,0.00 ,0.00 ,0.00 ,0.00 ,313.30 ,34.30 ,31.00 ,18.00 
차근배,1,16,0.00 ,0.00 ,0.00 ,0.00 ,0.00 ,313.30 ,35.00 ,32.20 ,17.30 
차근배,1,17,0.00 ,0.00 ,0.00 ,0.00 ,0.00 ,313.30 ,36.30 ,34.00 ,9.00 
차근배,1,18,0.00 ,0.00 ,0.00 ,0.00 ,0.00 ,313.30 ,33.30 ,27.50 ,9.00 
차근배,1,19,0.00 ,0.00 ,0.00 ,0.00 ,0.00 ,313.30 ,34.70 ,30.30 ,9.00 
차근배,1,20,0.00 ,0.00 ,0.00 ,0.00 ,0.00 ,313.30 ,38.00 ,33.70 ,9.00 
차근배,1,21,0.00 ,0.00 ,0.00 ,0.00 ,0.00 ,313.30 ,39.00 ,35.00 ,5.30 
차근배,2,1,0.00 ,0.00 ,0.00 ,0.00 ,0.00 ,145.30 ,40.70 ,34.70 ,14.70 
차근배,2,2,0.00 ,0.00 ,0.00 ,0.00 ,0.00 ,168.00 ,34.70 ,28.70 ,12.70 
차근배,2,3,2.00 ,0.00 ,0.00 ,0.00 ,0.00 ,181.30 ,35.00 ,23.80 ,15.30 
차근배,2,4,3.20 ,8.60 ,0.00 ,0.00 ,0.00 ,208.70 ,39.00 ,30.30 ,16.00 
차근배,2,5,2.60 ,11.80 ,0.00 ,0.00 ,0.00 ,225.30 ,39.70 ,30.30 ,16.30 
차근배,2,6,3.20 ,13.80 ,0.00 ,0.00 ,0.00 ,247.00 ,36.00 ,29.50 ,19.00 
차근배,2,7,1.80 ,16.00 ,0.00 ,0.00 ,0.00 ,270.00 ,36.00 ,26.30 ,12.30 
차근배,2,8,0.60 ,19.40 ,0.00 ,0.00 ,0.00 ,293.70 ,35.80 ,24.20 ,16.70 
차근배,2,9,0.20 ,19.60 ,0.00 ,0.00 ,0.00 ,313.30 ,37.00 ,26.50 ,11.30 
차근배,2,10,0.00 ,16.00 ,0.00 ,0.00 ,0.00 ,313.30 ,34.80 ,26.30 ,15.00 
차근배,2,11,0.00 ,16.00 ,0.00 ,0.00 ,0.00 ,313.30 ,36.30 ,28.20 ,13.00 
차근배,2,12,0.00 ,16.60 ,0.00 ,0.00 ,0.00 ,313.30 ,37.30 ,31.00 ,14.70 
차근배,2,13,0.00 ,16.60 ,0.00 ,0.00 ,0.00 ,313.30 ,37.30 ,31.30 ,10.00 
차근배,2,14,0.00 ,0.00 ,0.00 ,0.00 ,0.00 ,313.30 ,37.30 ,29.30 ,16.70 
차근배,2,15,0.00 ,9.20 ,4.20 ,10.22 ,51.44 ,313.30 ,34.30 ,31.00 ,18.00 
차근배,2,16,0.00 ,3.80 ,2.80 ,5.15 ,23.20 ,313.30 ,35.00 ,32.20 ,17.30 
차근배,2,17,0.00 ,1.40 ,1.40 ,5.11 ,11.94 ,313.30 ,36.30 ,34.00 ,9.00 
차근배,2,18,0.00 ,1.20 ,0.40 ,1.05 ,2.10 ,313.30 ,33.30 ,27.50 ,9.00 
차근배,2,19,0.00 ,0.00 ,0.00 ,0.00 ,0.00 ,313.30 ,34.70 ,30.30 ,9.00 
차근배,2,20,0.00 ,0.00 ,0.00 ,0.00 ,0.00 ,313.30 ,38.00 ,33.70 ,9.00 
차근배,2,21,0.00 ,0.00 ,0.00 ,0.00 ,0.00 ,313.30 ,39.00 ,35.00 ,5.30 
차근배,3,1,0.00 ,0.00 ,0.00 ,0.00 ,0.00 ,145.30 ,40.70 ,34.70 ,14.70 
차근배,3,2,0.00 ,0.00 ,0.00 ,0.00 ,0.00 ,168.00 ,34.70 ,28.70 ,12.70 
차근배,3,3,0.00 ,0.00 ,0.00 ,0.00 ,0.00 ,181.30 ,35.00 ,23.80 ,15.30 
차근배,3,4,3.40 ,1.60 ,0.00 ,0.00 ,0.00 ,208.70 ,39.00 ,30.30 ,16.00 
차근배,3,5,3.20 ,5.60 ,0.00 ,0.00 ,0.00 ,225.30 ,39.70 ,30.30 ,16.30 
차근배,3,6,4.20 ,8.00 ,0.00 ,0.00 ,0.00 ,247.00 ,36.00 ,29.50 ,19.00 
차근배,3,7,2.40 ,11.20 ,0.00 ,0.00 ,0.00 ,270.00 ,36.00 ,26.30 ,12.30 
차근배,3,8,2.00 ,13.00 ,0.00 ,0.00 ,0.00 ,293.70 ,35.80 ,24.20 ,16.70 
차근배,3,9,0.80 ,15.00 ,0.00 ,0.00 ,0.00 ,313.30 ,37.00 ,26.50 ,11.30 
차근배,3,10,1.00 ,16.20 ,0.00 ,0.00 ,0.00 ,313.30 ,34.80 ,26.30 ,15.00 
차근배,3,11,0.00 ,16.20 ,0.00 ,0.00 ,0.00 ,313.30 ,36.30 ,28.20 ,13.00 
차근배,3,12,0.00 ,17.00 ,0.00 ,0.00 ,0.00 ,313.30 ,37.30 ,31.00 ,14.70 
차근배,3,13,0.00 ,17.60 ,0.00 ,0.00 ,0.00 ,313.30 ,37.30 ,31.30 ,10.00 
차근배,3,14,0.00 ,10.00 ,0.00 ,0.00 ,0.00 ,313.30 ,37.30 ,29.30 ,16.70 
차근배,3,15,0.00 ,11.20 ,3.60 ,10.96 ,47.88 ,313.30 ,34.30 ,31.00 ,18.00 
차근배,3,16,0.00 ,7.40 ,2.00 ,6.33 ,21.44 ,313.30 ,35.00 ,32.20 ,17.30 
차근배,3,17,0.00 ,3.40 ,2.60 ,5.66 ,24.20 ,313.30 ,36.30 ,34.00 ,9.00 
차근배,3,18,0.00 ,2.20 ,1.60 ,4.89 ,13.02 ,313.30 ,33.30 ,27.50 ,9.00 
차근배,3,19,0.00 ,1.20 ,0.20 ,1.08 ,1.08 ,313.30 ,34.70 ,30.30 ,9.00 
차근배,3,20,0.00 ,0.00 ,1.00 ,1.38 ,6.90 ,313.30 ,38.00 ,33.70 ,9.00 
차근배,3,21,0.00 ,0.00 ,0.00 ,0.00 ,0.00 ,313.30 ,39.00 ,35.00 ,5.30 
차근배,4,1,0.00 ,0.00 ,0.00 ,0.00 ,0.00 ,145.30 ,40.70 ,34.70 ,14.70 
차근배,4,2,0.00 ,0.00 ,0.00 ,0.00 ,0.00 ,168.00 ,34.70 ,28.70 ,12.70 
차근배,4,3,0.00 ,0.00 ,0.00 ,0.00 ,0.00 ,181.30 ,35.00 ,23.80 ,15.30 
차근배,4,4,0.00 ,0.00 ,0.00 ,0.00 ,0.00 ,208.70 ,39.00 ,30.30 ,16.00 
차근배,4,5,2.00 ,0.00 ,0.00 ,0.00 ,0.00 ,225.30 ,39.70 ,30.30 ,16.30 
차근배,4,6,3.80 ,1.60 ,0.00 ,0.00 ,0.00 ,247.00 ,36.00 ,29.50 ,19.00 
차근배,4,7,3.40 ,6.20 ,0.00 ,0.00 ,0.00 ,270.00 ,36.00 ,26.30 ,12.30 
차근배,4,8,3.80 ,8.80 ,0.00 ,0.00 ,0.00 ,293.70 ,35.80 ,24.20 ,16.70 
차근배,4,9,2.00 ,12.20 ,0.00 ,0.00 ,0.00 ,313.30 ,37.00 ,26.50 ,11.30 
차근배,4,10,2.40 ,15.80 ,0.00 ,0.00 ,0.00 ,313.30 ,34.80 ,26.30 ,15.00 
차근배,4,11,0.80 ,17.00 ,0.00 ,0.00 ,0.00 ,313.30 ,36.30 ,28.20 ,13.00 
차근배,4,12,0.00 ,18.40 ,0.00 ,0.00 ,0.00 ,313.30 ,37.30 ,31.00 ,14.70 
차근배,4,13,0.00 ,18.40 ,0.00 ,0.00 ,0.00 ,313.30 ,37.30 ,31.30 ,10.00 
차근배,4,14,0.00 ,21.80 ,0.00 ,0.00 ,0.00 ,313.30 ,37.30 ,29.30 ,16.70 
차근배,4,15,0.00 ,17.40 ,3.80 ,13.06 ,51.08 ,313.30 ,34.30 ,31.00 ,18.00 
차근배,4,16,0.00 ,14.00 ,3.20 ,12.01 ,38.22 ,313.30 ,35.00 ,32.20 ,17.30 
차근배,4,17,0.00 ,10.00 ,2.40 ,11.37 ,25.88 ,313.30 ,36.30 ,34.00 ,9.00 
차근배,4,18,0.00 ,6.20 ,2.00 ,9.10 ,18.44 ,313.30 ,33.30 ,27.50 ,9.00 
차근배,4,19,0.00 ,4.00 ,1.20 ,4.51 ,8.70 ,313.30 ,34.70 ,30.30 ,9.00 
차근배,4,20,0.00 ,0.60 ,0.60 ,1.05 ,3.16 ,313.30 ,38.00 ,33.70 ,9.00 
차근배,4,21,0.00 ,0.00 ,0.00 ,0.00 ,0.00 ,313.30 ,39.00 ,35.00 ,5.30 
차근배,5,1,0.00 ,0.00 ,0.00 ,0.00 ,0.00 ,145.30 ,40.70 ,34.70 ,14.70 
차근배,5,2,0.00 ,0.00 ,0.00 ,0.00 ,0.00 ,168.00 ,34.70 ,28.70 ,12.70 
차근배,5,3,0.00 ,0.00 ,0.00 ,0.00 ,0.00 ,181.30 ,35.00 ,23.80 ,15.30 
차근배,5,4,0.00 ,0.00 ,0.00 ,0.00 ,0.00 ,208.70 ,39.00 ,30.30 ,16.00 
차근배,5,5,1.80 ,0.00 ,0.00 ,0.00 ,0.00 ,225.30 ,39.70 ,30.30 ,16.30 
차근배,5,6,4.40 ,1.60 ,0.00 ,0.00 ,0.00 ,247.00 ,36.00 ,29.50 ,19.00 
차근배,5,7,3.80 ,6.20 ,0.00 ,0.00 ,0.00 ,270.00 ,36.00 ,26.30 ,12.30 
차근배,5,8,5.00 ,10.80 ,0.00 ,0.00 ,0.00 ,293.70 ,35.80 ,24.20 ,16.70 
차근배,5,9,2.60 ,16.80 ,0.00 ,0.00 ,0.00 ,313.30 ,37.00 ,26.50 ,11.30 
차근배,5,10,3.60 ,19.80 ,0.00 ,0.00 ,0.00 ,313.30 ,34.80 ,26.30 ,15.00 
차근배,5,11,2.60 ,21.00 ,0.00 ,0.00 ,0.00 ,313.30 ,36.30 ,28.20 ,13.00 
차근배,5,12,0.00 ,25.00 ,0.00 ,0.00 ,0.00 ,313.30 ,37.30 ,31.00 ,14.70 
차근배,5,13,0.00 ,27.40 ,0.00 ,0.00 ,0.00 ,313.30 ,37.30 ,31.30 ,10.00 
차근배,5,14,0.00 ,17.80 ,0.00 ,0.00 ,0.00 ,313.30 ,37.30 ,29.30 ,16.70 
차근배,5,15,0.00 ,30.60 ,3.80 ,11.40 ,51.24 ,313.30 ,34.30 ,31.00 ,18.00 
차근배,5,16,0.00 ,21.80 ,5.40 ,11.78 ,61.92 ,313.30 ,35.00 ,32.20 ,17.30 
차근배,5,17,0.00 ,19.60 ,4.20 ,10.68 ,43.18 ,313.30 ,36.30 ,34.00 ,9.00 
차근배,5,18,0.00 ,13.20 ,3.40 ,10.02 ,33.28 ,313.30 ,33.30 ,27.50 ,9.00 
차근배,5,19,0.00 ,9.60 ,3.40 ,7.84 ,25.74 ,313.30 ,34.70 ,30.30 ,9.00 
차근배,5,20,0.00 ,3.20 ,1.80 ,4.30 ,12.38 ,313.30 ,38.00 ,33.70 ,9.00 
차근배,5,21,0.00 ,1.60 ,1.20 ,5.85 ,8.42 ,313.30 ,39.00 ,35.00 ,5.30 
조정숙,1,1,0.00 ,0.00 ,0.00 ,0.00 ,0.00 ,192.00 ,47.20 ,45.20 ,8.40 
조정숙,1,2,0.16 ,0.00 ,0.00 ,0.00 ,0.00 ,209.20 ,43.60 ,43.00 ,5.00 
조정숙,1,3,0.26 ,0.11 ,0.00 ,0.00 ,0.00 ,216.40 ,40.80 ,43.20 ,6.20 
조정숙,1,4,0.42 ,0.32 ,0.00 ,0.00 ,0.00 ,235.80 ,40.50 ,42.20 ,9.80 
조정숙,1,5,0.63 ,0.68 ,0.00 ,0.00 ,0.00 ,249.60 ,41.60 ,43.00 ,10.40 
조정숙,1,6,1.05 ,0.84 ,0.00 ,0.00 ,0.00 ,267.60 ,40.20 ,38.60 ,11.00 
조정숙,1,7,0.63 ,1.95 ,0.00 ,0.00 ,0.00 ,291.60 ,38.40 ,39.40 ,6.40 
조정숙,1,8,0.63 ,2.37 ,0.00 ,0.00 ,0.00 ,325.40 ,37.50 ,33.10 ,8.40 
조정숙,1,9,0.79 ,2.68 ,0.00 ,0.00 ,0.00 ,346.60 ,33.80 ,29.90 ,7.60 
조정숙,1,10,0.63 ,3.42 ,0.00 ,0.00 ,0.00 ,369.60 ,32.80 ,27.40 ,6.80 
조정숙,1,11,0.53 ,4.37 ,0.00 ,0.00 ,0.00 ,389.80 ,35.40 ,35.00 ,7.60 
조정숙,1,12,0.32 ,4.53 ,0.00 ,0.00 ,0.00 ,409.80 ,35.60 ,33.00 ,4.40 
조정숙,1,13,0.53 ,4.95 ,0.00 ,0.00 ,0.00 ,439.00 ,34.00 ,31.00 ,9.00 
조정숙,1,14,0.58 ,5.11 ,0.00 ,0.00 ,0.00 ,409.80 ,33.60 ,30.20 ,8.20 
조정숙,1,15,0.95 ,6.32 ,0.00 ,0.00 ,0.00 ,409.80 ,33.80 ,32.60 ,9.60 
조정숙,1,16,0.47 ,5.89 ,0.00 ,0.00 ,0.00 ,439.20 ,34.40 ,34.20 ,5.60 
조정숙,1,17,0.74 ,5.68 ,0.00 ,0.00 ,0.00 ,497.00 ,31.50 ,25.00 ,11.00 
조정숙,1,18,0.21 ,6.21 ,0.00 ,0.00 ,0.00 ,503.80 ,31.20 ,26.40 ,12.20 
조정숙,1,19,0.26 ,6.26 ,0.68 ,1.70 ,11.10 ,503.80 ,32.60 ,28.80 ,11.60 
조정숙,1,20,0.21 ,5.47 ,0.47 ,2.02 ,6.21 ,503.80 ,35.20 ,33.00 ,12.00 
조정숙,1,21,0.42 ,5.00 ,0.32 ,1.86 ,3.75 ,503.80 ,36.60 ,34.20 ,11.00 
조정숙,1,22,0.47 ,4.89 ,0.63 ,1.15 ,6.88 ,503.80 ,36.00 ,34.00 ,10.20 
조정숙,1,23,0.47 ,5.21 ,0.74 ,2.22 ,8.07 ,503.80 ,36.00 ,34.40 ,10.20 
조정숙,2,1,0.00 ,0.00 ,0.00 ,0.00 ,0.00 ,192.00 ,47.20 ,45.20 ,8.40 
조정숙,2,2,0.16 ,0.00 ,0.00 ,0.00 ,0.00 ,209.20 ,43.60 ,43.00 ,5.00 
조정숙,2,3,0.26 ,0.11 ,0.00 ,0.00 ,0.00 ,216.40 ,40.80 ,43.20 ,6.20 
조정숙,2,4,0.42 ,0.32 ,0.00 ,0.00 ,0.00 ,235.80 ,40.50 ,42.20 ,9.80 
조정숙,2,5,0.63 ,0.68 ,0.00 ,0.00 ,0.00 ,249.60 ,41.60 ,43.00 ,10.40 
조정숙,2,6,1.05 ,0.84 ,0.00 ,0.00 ,0.00 ,267.60 ,40.20 ,38.60 ,11.00 
조정숙,2,7,0.63 ,1.95 ,0.00 ,0.00 ,0.00 ,291.60 ,38.40 ,39.40 ,6.40 
조정숙,2,8,0.63 ,2.37 ,0.00 ,0.00 ,0.00 ,325.40 ,37.50 ,33.10 ,8.40 
조정숙,2,9,0.79 ,2.68 ,0.00 ,0.00 ,0.00 ,346.60 ,33.80 ,29.90 ,7.60 
조정숙,2,10,0.63 ,3.42 ,0.00 ,0.00 ,0.00 ,369.60 ,32.80 ,27.40 ,6.80 
조정숙,2,11,0.53 ,4.37 ,0.00 ,0.00 ,0.00 ,389.80 ,35.40 ,35.00 ,7.60 
조정숙,2,12,0.32 ,4.53 ,0.00 ,0.00 ,0.00 ,409.80 ,35.60 ,33.00 ,4.40 
조정숙,2,13,0.53 ,4.95 ,0.00 ,0.00 ,0.00 ,439.00 ,34.00 ,31.00 ,9.00 
조정숙,2,14,0.58 ,5.11 ,0.00 ,0.00 ,0.00 ,409.80 ,33.60 ,30.20 ,8.20 
조정숙,2,15,0.95 ,6.32 ,0.00 ,0.00 ,0.00 ,409.80 ,33.80 ,32.60 ,9.60 
조정숙,2,16,0.47 ,5.89 ,0.00 ,0.00 ,0.00 ,439.20 ,34.40 ,34.20 ,5.60 
조정숙,2,17,0.74 ,5.68 ,0.00 ,0.00 ,0.00 ,497.00 ,31.50 ,25.00 ,11.00 
조정숙,2,18,0.21 ,6.21 ,0.00 ,0.00 ,0.00 ,503.80 ,31.20 ,26.40 ,12.20 
조정숙,2,19,0.26 ,6.26 ,0.68 ,1.70 ,11.10 ,503.80 ,32.60 ,28.80 ,11.60 
조정숙,2,20,0.21 ,5.47 ,0.47 ,2.02 ,6.21 ,503.80 ,35.20 ,33.00 ,12.00 
조정숙,2,21,0.42 ,5.00 ,0.32 ,1.86 ,3.75 ,503.80 ,36.60 ,34.20 ,11.00 
조정숙,2,22,0.47 ,4.89 ,0.63 ,1.15 ,6.88 ,503.80 ,36.00 ,34.00 ,10.20 
조정숙,2,23,0.47 ,5.21 ,0.74 ,2.22 ,8.07 ,503.80 ,36.00 ,34.40 ,10.20 
조정숙,3,1,0.00 ,0.00 ,0.00 ,0.00 ,0.00 ,192.00 ,47.20 ,45.20 ,8.40 
조정숙,3,2,0.00 ,0.00 ,0.00 ,0.00 ,0.00 ,209.20 ,43.60 ,43.00 ,5.00 
조정숙,3,3,0.21 ,0.00 ,0.00 ,0.00 ,0.00 ,216.40 ,40.80 ,43.20 ,6.20 
조정숙,3,4,0.42 ,0.21 ,0.00 ,0.00 ,0.00 ,235.80 ,40.50 ,42.20 ,9.80 
조정숙,3,5,0.68 ,0.53 ,0.00 ,0.00 ,0.00 ,249.60 ,41.60 ,43.00 ,10.40 
조정숙,3,6,1.00 ,0.74 ,0.00 ,0.00 ,0.00 ,267.60 ,40.20 ,38.60 ,11.00 
조정숙,3,7,0.84 ,1.63 ,0.00 ,0.00 ,0.00 ,291.60 ,38.40 ,39.40 ,6.40 
조정숙,3,8,0.63 ,2.21 ,0.00 ,0.00 ,0.00 ,325.40 ,37.50 ,33.10 ,8.40 
조정숙,3,9,0.79 ,2.53 ,0.00 ,0.00 ,0.00 ,346.60 ,33.80 ,29.90 ,7.60 
조정숙,3,10,0.63 ,3.21 ,0.00 ,0.00 ,0.00 ,369.60 ,32.80 ,27.40 ,6.80 
조정숙,3,11,0.53 ,4.16 ,0.00 ,0.00 ,0.00 ,389.80 ,35.40 ,35.00 ,7.60 
조정숙,3,12,0.32 ,5.21 ,0.00 ,0.00 ,0.00 ,409.80 ,35.60 ,33.00 ,4.40 
조정숙,3,13,0.53 ,4.95 ,0.00 ,0.00 ,0.00 ,439.00 ,34.00 ,31.00 ,9.00 
조정숙,3,14,0.58 ,5.00 ,0.00 ,0.00 ,0.00 ,409.80 ,33.60 ,30.20 ,8.20 
조정숙,3,15,0.95 ,6.21 ,0.00 ,0.00 ,0.00 ,409.80 ,33.80 ,32.60 ,9.60 
조정숙,3,16,0.47 ,5.89 ,0.00 ,0.00 ,0.00 ,439.20 ,34.40 ,34.20 ,5.60 
조정숙,3,17,0.74 ,5.68 ,0.00 ,0.00 ,0.00 ,497.00 ,31.50 ,25.00 ,11.00 
조정숙,3,18,0.21 ,6.63 ,0.00 ,0.00 ,0.00 ,503.80 ,31.20 ,26.40 ,12.20 
조정숙,3,19,0.26 ,6.26 ,0.68 ,1.70 ,11.10 ,503.80 ,32.60 ,28.80 ,11.60 
조정숙,3,20,0.21 ,5.47 ,0.47 ,2.02 ,6.21 ,503.80 ,35.20 ,33.00 ,12.00 
조정숙,3,21,0.42 ,5.00 ,0.32 ,1.86 ,3.75 ,503.80 ,36.60 ,34.20 ,11.00 
조정숙,3,22,0.47 ,4.89 ,0.63 ,1.15 ,6.88 ,503.80 ,36.00 ,34.00 ,10.20 
조정숙,3,23,0.47 ,5.21 ,0.74 ,2.22 ,8.07 ,503.80 ,36.00 ,34.40 ,10.20 
조정숙,4,1,0.00 ,0.00 ,0.00 ,0.00 ,0.00 ,192.00 ,47.20 ,45.20 ,8.40 
조정숙,4,2,0.00 ,0.00 ,0.00 ,0.00 ,0.00 ,209.20 ,43.60 ,43.00 ,5.00 
조정숙,4,3,0.21 ,0.00 ,0.00 ,0.00 ,0.00 ,216.40 ,40.80 ,43.20 ,6.20 
조정숙,4,4,0.26 ,0.21 ,0.00 ,0.00 ,0.00 ,235.80 ,40.50 ,42.20 ,9.80 
조정숙,4,5,0.74 ,0.37 ,0.00 ,0.00 ,0.00 ,249.60 ,41.60 ,43.00 ,10.40 
조정숙,4,6,1.00 ,0.68 ,0.00 ,0.00 ,0.00 ,267.60 ,40.20 ,38.60 ,11.00 
조정숙,4,7,0.89 ,1.74 ,0.00 ,0.00 ,0.00 ,291.60 ,38.40 ,39.40 ,6.40 
조정숙,4,8,0.68 ,2.16 ,0.00 ,0.00 ,0.00 ,325.40 ,37.50 ,33.10 ,8.40 
조정숙,4,9,0.74 ,2.58 ,0.00 ,0.00 ,0.00 ,346.60 ,33.80 ,29.90 ,7.60 
조정숙,4,10,0.63 ,3.32 ,0.00 ,0.00 ,0.00 ,369.60 ,32.80 ,27.40 ,6.80 
조정숙,4,11,0.53 ,4.26 ,0.00 ,0.00 ,0.00 ,389.80 ,35.40 ,35.00 ,7.60 
조정숙,4,12,0.32 ,5.16 ,0.00 ,0.00 ,0.00 ,409.80 ,35.60 ,33.00 ,4.40 
조정숙,4,13,0.53 ,4.84 ,0.00 ,0.00 ,0.00 ,439.00 ,34.00 ,31.00 ,9.00 
조정숙,4,14,0.58 ,5.00 ,0.00 ,0.00 ,0.00 ,409.80 ,33.60 ,30.20 ,8.20 
조정숙,4,15,0.95 ,6.16 ,0.00 ,0.00 ,0.00 ,409.80 ,33.80 ,32.60 ,9.60 
조정숙,4,16,0.47 ,6.05 ,0.00 ,0.00 ,0.00 ,439.20 ,34.40 ,34.20 ,5.60 
조정숙,4,17,0.74 ,6.00 ,0.00 ,0.00 ,0.00 ,497.00 ,31.50 ,25.00 ,11.00 
조정숙,4,18,0.21 ,6.84 ,0.00 ,0.00 ,0.00 ,503.80 ,31.20 ,26.40 ,12.20 
조정숙,4,19,0.26 ,6.26 ,0.68 ,1.70 ,11.10 ,503.80 ,32.60 ,28.80 ,11.60 
조정숙,4,20,0.21 ,5.47 ,0.47 ,2.02 ,6.21 ,503.80 ,35.20 ,33.00 ,12.00 
조정숙,4,21,0.42 ,5.00 ,0.32 ,1.86 ,3.75 ,503.80 ,36.60 ,34.20 ,11.00 
조정숙,4,22,0.47 ,4.89 ,0.63 ,1.15 ,6.88 ,503.80 ,36.00 ,34.00 ,10.20 
조정숙,4,23,0.47 ,5.21 ,0.74 ,2.22 ,8.07 ,503.80 ,36.00 ,34.40 ,10.20 
조정숙,5,1,0.00 ,0.00 ,0.00 ,0.00 ,0.00 ,192.00 ,47.20 ,45.20 ,8.40 
조정숙,5,2,0.00 ,0.00 ,0.00 ,0.00 ,0.00 ,209.20 ,43.60 ,43.00 ,5.00 
조정숙,5,3,0.21 ,0.00 ,0.00 ,0.00 ,0.00 ,216.40 ,40.80 ,43.20 ,6.20 
조정숙,5,4,0.26 ,0.21 ,0.00 ,0.00 ,0.00 ,235.80 ,40.50 ,42.20 ,9.80 
조정숙,5,5,0.53 ,0.37 ,0.00 ,0.00 ,0.00 ,249.60 ,41.60 ,43.00 ,10.40 
조정숙,5,6,0.74 ,0.68 ,0.00 ,0.00 ,0.00 ,267.60 ,40.20 ,38.60 ,11.00 
조정숙,5,7,0.89 ,1.68 ,0.00 ,0.00 ,0.00 ,291.60 ,38.40 ,39.40 ,6.40 
조정숙,5,8,0.74 ,2.00 ,0.00 ,0.00 ,0.00 ,325.40 ,37.50 ,33.10 ,8.40 
조정숙,5,9,0.79 ,2.47 ,0.00 ,0.00 ,0.00 ,346.60 ,33.80 ,29.90 ,7.60 
조정숙,5,10,0.74 ,3.11 ,0.00 ,0.00 ,0.00 ,369.60 ,32.80 ,27.40 ,6.80 
조정숙,5,11,0.53 ,4.26 ,0.00 ,0.00 ,0.00 ,389.80 ,35.40 ,35.00 ,7.60 
조정숙,5,12,0.32 ,5.47 ,0.00 ,0.00 ,0.00 ,409.80 ,35.60 ,33.00 ,4.40 
조정숙,5,13,0.53 ,4.84 ,0.00 ,0.00 ,0.00 ,439.00 ,34.00 ,31.00 ,9.00 
조정숙,5,14,0.58 ,5.00 ,0.00 ,0.00 ,0.00 ,409.80 ,33.60 ,30.20 ,8.20 
조정숙,5,15,0.95 ,6.21 ,0.00 ,0.00 ,0.00 ,409.80 ,33.80 ,32.60 ,9.60 
조정숙,5,16,0.47 ,6.05 ,0.00 ,0.00 ,0.00 ,439.20 ,34.40 ,34.20 ,5.60 
조정숙,5,17,0.74 ,6.37 ,0.00 ,0.00 ,0.00 ,497.00 ,31.50 ,25.00 ,11.00 
조정숙,5,18,0.21 ,7.11 ,0.00 ,0.00 ,0.00 ,503.80 ,31.20 ,26.40 ,12.20 
조정숙,5,19,0.26 ,6.63 ,0.68 ,1.70 ,11.10 ,503.80 ,32.60 ,28.80 ,11.60 
조정숙,5,20,0.21 ,5.58 ,0.47 ,2.02 ,6.21 ,503.80 ,35.20 ,33.00 ,12.00 
조정숙,5,21,0.42 ,5.05 ,0.32 ,1.86 ,3.75 ,503.80 ,36.60 ,34.20 ,11.00 
조정숙,5,22,0.47 ,4.89 ,0.63 ,1.15 ,6.88 ,503.80 ,36.00 ,34.00 ,10.20 
조정숙,5,23,0.47 ,5.21 ,0.74 ,2.22 ,8.07 ,503.80 ,36.00 ,34.40 ,10.20 
조정숙,6,1,0.00 ,0.00 ,0.00 ,0.00 ,0.00 ,192.00 ,47.20 ,45.20 ,8.40 
조정숙,6,2,0.00 ,0.00 ,0.00 ,0.00 ,0.00 ,209.20 ,43.60 ,43.00 ,5.00 
조정숙,6,3,0.21 ,0.00 ,0.00 ,0.00 ,0.00 ,216.40 ,40.80 ,43.20 ,6.20 
조정숙,6,4,0.26 ,0.21 ,0.00 ,0.00 ,0.00 ,235.80 ,40.50 ,42.20 ,9.80 
조정숙,6,5,0.53 ,0.37 ,0.00 ,0.00 ,0.00 ,249.60 ,41.60 ,43.00 ,10.40 
조정숙,6,6,0.74 ,0.68 ,0.00 ,0.00 ,0.00 ,267.60 ,40.20 ,38.60 ,11.00 
조정숙,6,7,1.00 ,1.95 ,0.00 ,0.00 ,0.00 ,291.60 ,38.40 ,39.40 ,6.40 
조정숙,6,8,0.68 ,1.79 ,0.00 ,0.00 ,0.00 ,325.40 ,37.50 ,33.10 ,8.40 
조정숙,6,9,1.00 ,2.05 ,0.00 ,0.00 ,0.00 ,346.60 ,33.80 ,29.90 ,7.60 
조정숙,6,10,0.95 ,2.63 ,0.00 ,0.00 ,0.00 ,369.60 ,32.80 ,27.40 ,6.80 
조정숙,6,11,0.68 ,3.79 ,0.00 ,0.00 ,0.00 ,389.80 ,35.40 ,35.00 ,7.60 
조정숙,6,12,0.32 ,5.21 ,0.00 ,0.00 ,0.00 ,409.80 ,35.60 ,33.00 ,4.40 
조정숙,6,13,0.53 ,4.47 ,0.00 ,0.00 ,0.00 ,439.00 ,34.00 ,31.00 ,9.00 
조정숙,6,14,0.58 ,4.63 ,0.00 ,0.00 ,0.00 ,409.80 ,33.60 ,30.20 ,8.20 
조정숙,6,15,0.95 ,5.89 ,0.00 ,0.00 ,0.00 ,409.80 ,33.80 ,32.60 ,9.60 
조정숙,6,16,0.47 ,6.47 ,0.00 ,0.00 ,0.00 ,439.20 ,34.40 ,34.20 ,5.60 
조정숙,6,17,0.74 ,6.74 ,0.00 ,0.00 ,0.00 ,497.00 ,31.50 ,25.00 ,11.00 
조정숙,6,18,0.21 ,7.21 ,0.00 ,0.00 ,0.00 ,503.80 ,31.20 ,26.40 ,12.20 
조정숙,6,19,0.26 ,7.00 ,0.89 ,1.72 ,14.62 ,503.80 ,32.60 ,28.80 ,11.60 
조정숙,6,20,0.21 ,5.79 ,0.63 ,2.17 ,8.62 ,503.80 ,35.20 ,33.00 ,12.00 
조정숙,6,21,0.42 ,5.16 ,0.42 ,2.41 ,4.84 ,503.80 ,36.60 ,34.20 ,11.00 
조정숙,6,22,0.47 ,4.95 ,0.79 ,1.50 ,7.94 ,503.80 ,36.00 ,34.00 ,10.20 
조정숙,6,23,0.47 ,5.21 ,0.74 ,2.22 ,8.07 ,503.80 ,36.00 ,34.40 ,10.20 
조정숙,7,1,0.00 ,0.00 ,0.00 ,0.00 ,0.00 ,192.00 ,47.20 ,45.20 ,8.40 
조정숙,7,2,0.00 ,0.00 ,0.00 ,0.00 ,0.00 ,209.20 ,43.60 ,43.00 ,5.00 
조정숙,7,3,0.21 ,0.00 ,0.00 ,0.00 ,0.00 ,216.40 ,40.80 ,43.20 ,6.20 
조정숙,7,4,0.26 ,0.21 ,0.00 ,0.00 ,0.00 ,235.80 ,40.50 ,42.20 ,9.80 
조정숙,7,5,0.53 ,0.37 ,0.00 ,0.00 ,0.00 ,249.60 ,41.60 ,43.00 ,10.40 
조정숙,7,6,0.74 ,0.68 ,0.00 ,0.00 ,0.00 ,267.60 ,40.20 ,38.60 ,11.00 
조정숙,7,7,1.11 ,1.95 ,0.00 ,0.00 ,0.00 ,291.60 ,38.40 ,39.40 ,6.40 
조정숙,7,8,0.68 ,1.79 ,0.00 ,0.00 ,0.00 ,325.40 ,37.50 ,33.10 ,8.40 
조정숙,7,9,0.84 ,2.05 ,0.00 ,0.00 ,0.00 ,346.60 ,33.80 ,29.90 ,7.60 
조정숙,7,10,0.68 ,2.63 ,0.00 ,0.00 ,0.00 ,369.60 ,32.80 ,27.40 ,6.80 
조정숙,7,11,0.68 ,3.26 ,0.00 ,0.00 ,0.00 ,389.80 ,35.40 ,35.00 ,7.60 
조정숙,7,12,0.37 ,4.11 ,0.00 ,0.00 ,0.00 ,409.80 ,35.60 ,33.00 ,4.40 
조정숙,7,13,0.42 ,3.68 ,0.00 ,0.00 ,0.00 ,439.00 ,34.00 ,31.00 ,9.00 
조정숙,7,14,0.58 ,3.74 ,0.00 ,0.00 ,0.00 ,409.80 ,33.60 ,30.20 ,8.20 
조정숙,7,15,0.95 ,5.05 ,0.00 ,0.00 ,0.00 ,409.80 ,33.80 ,32.60 ,9.60 
조정숙,7,16,0.47 ,6.79 ,0.00 ,0.00 ,0.00 ,439.20 ,34.40 ,34.20 ,5.60 
조정숙,7,17,0.74 ,6.84 ,0.00 ,0.00 ,0.00 ,497.00 ,31.50 ,25.00 ,11.00 
조정숙,7,18,0.21 ,6.37 ,0.00 ,0.00 ,0.00 ,503.80 ,31.20 ,26.40 ,12.20 
조정숙,7,19,0.26 ,6.16 ,0.47 ,0.86 ,7.72 ,503.80 ,32.60 ,28.80 ,11.60 
조정숙,7,20,0.21 ,5.37 ,0.47 ,1.42 ,6.36 ,503.80 ,35.20 ,33.00 ,12.00 
조정숙,7,21,0.42 ,4.95 ,0.26 ,1.79 ,2.99 ,503.80 ,36.60 ,34.20 ,11.00 
조정숙,7,22,0.47 ,4.95 ,0.79 ,1.50 ,7.94 ,503.80 ,36.00 ,34.00 ,10.20 
조정숙,7,23,0.47 ,5.21 ,0.79 ,2.80 ,8.65 ,503.80 ,36.00 ,34.40 ,10.20 
조정숙,8,1,0.00 ,0.00 ,0.00 ,0.00 ,0.00 ,192.00 ,47.20 ,45.20 ,8.40 
조정숙,8,2,0.00 ,0.00 ,0.00 ,0.00 ,0.00 ,209.20 ,43.60 ,43.00 ,5.00 
조정숙,8,3,0.21 ,0.00 ,0.00 ,0.00 ,0.00 ,216.40 ,40.80 ,43.20 ,6.20 
조정숙,8,4,0.26 ,0.21 ,0.00 ,0.00 ,0.00 ,235.80 ,40.50 ,42.20 ,9.80 
조정숙,8,5,0.53 ,0.37 ,0.00 ,0.00 ,0.00 ,249.60 ,41.60 ,43.00 ,10.40 
조정숙,8,6,0.74 ,0.68 ,0.00 ,0.00 ,0.00 ,267.60 ,40.20 ,38.60 ,11.00 
조정숙,8,7,1.11 ,1.95 ,0.00 ,0.00 ,0.00 ,291.60 ,38.40 ,39.40 ,6.40 
조정숙,8,8,0.68 ,1.79 ,0.00 ,0.00 ,0.00 ,325.40 ,37.50 ,33.10 ,8.40 
조정숙,8,9,0.84 ,2.05 ,0.00 ,0.00 ,0.00 ,346.60 ,33.80 ,29.90 ,7.60 
조정숙,8,10,0.68 ,2.63 ,0.00 ,0.00 ,0.00 ,369.60 ,32.80 ,27.40 ,6.80 
조정숙,8,11,0.53 ,3.26 ,0.00 ,0.00 ,0.00 ,389.80 ,35.40 ,35.00 ,7.60 
조정숙,8,12,0.26 ,3.42 ,0.00 ,0.00 ,0.00 ,409.80 ,35.60 ,33.00 ,4.40 
조정숙,8,13,0.37 ,3.58 ,0.00 ,0.00 ,0.00 ,439.00 ,34.00 ,31.00 ,9.00 
조정숙,8,14,0.53 ,3.53 ,0.00 ,0.00 ,0.00 ,409.80 ,33.60 ,30.20 ,8.20 
조정숙,8,15,0.63 ,3.95 ,0.00 ,0.00 ,0.00 ,409.80 ,33.80 ,32.60 ,9.60 
조정숙,8,16,0.47 ,6.79 ,0.00 ,0.00 ,0.00 ,439.20 ,34.40 ,34.20 ,5.60 
조정숙,8,17,0.74 ,6.53 ,0.00 ,0.00 ,0.00 ,497.00 ,31.50 ,25.00 ,11.00 
조정숙,8,18,0.21 ,6.21 ,0.00 ,0.00 ,0.00 ,503.80 ,31.20 ,26.40 ,12.20 
조정숙,8,19,0.26 ,6.05 ,0.47 ,0.86 ,7.72 ,503.80 ,32.60 ,28.80 ,11.60 
조정숙,8,20,0.21 ,5.21 ,0.37 ,1.35 ,4.79 ,503.80 ,35.20 ,33.00 ,12.00 
조정숙,8,21,0.42 ,4.84 ,0.26 ,1.81 ,3.04 ,503.80 ,36.60 ,34.20 ,11.00 
조정숙,8,22,0.47 ,4.89 ,0.68 ,1.56 ,6.99 ,503.80 ,36.00 ,34.00 ,10.20 
조정숙,8,23,0.47 ,5.53 ,0.84 ,2.92 ,9.48 ,503.80 ,36.00 ,34.40 ,10.20 
조정숙,9,1,0.00 ,0.00 ,0.00 ,0.00 ,0.00 ,192.00 ,47.20 ,45.20 ,8.40 
조정숙,9,2,0.00 ,0.00 ,0.00 ,0.00 ,0.00 ,209.20 ,43.60 ,43.00 ,5.00 
조정숙,9,3,0.21 ,0.00 ,0.00 ,0.00 ,0.00 ,216.40 ,40.80 ,43.20 ,6.20 
조정숙,9,4,0.26 ,0.21 ,0.00 ,0.00 ,0.00 ,235.80 ,40.50 ,42.20 ,9.80 
조정숙,9,5,0.53 ,0.37 ,0.00 ,0.00 ,0.00 ,249.60 ,41.60 ,43.00 ,10.40 
조정숙,9,6,0.74 ,0.68 ,0.00 ,0.00 ,0.00 ,267.60 ,40.20 ,38.60 ,11.00 
조정숙,9,7,1.11 ,1.95 ,0.00 ,0.00 ,0.00 ,291.60 ,38.40 ,39.40 ,6.40 
조정숙,9,8,0.68 ,1.79 ,0.00 ,0.00 ,0.00 ,325.40 ,37.50 ,33.10 ,8.40 
조정숙,9,9,0.84 ,2.05 ,0.00 ,0.00 ,0.00 ,346.60 ,33.80 ,29.90 ,7.60 
조정숙,9,10,0.68 ,2.63 ,0.00 ,0.00 ,0.00 ,369.60 ,32.80 ,27.40 ,6.80 
조정숙,9,11,0.53 ,3.26 ,0.00 ,0.00 ,0.00 ,389.80 ,35.40 ,35.00 ,7.60 
조정숙,9,12,0.26 ,3.42 ,0.00 ,0.00 ,0.00 ,409.80 ,35.60 ,33.00 ,4.40 
조정숙,9,13,0.21 ,3.58 ,0.00 ,0.00 ,0.00 ,439.00 ,34.00 ,31.00 ,9.00 
조정숙,9,14,0.42 ,3.37 ,0.00 ,0.00 ,0.00 ,409.80 ,33.60 ,30.20 ,8.20 
조정숙,9,15,0.63 ,3.68 ,0.00 ,0.00 ,0.00 ,409.80 ,33.80 ,32.60 ,9.60 
조정숙,9,16,0.58 ,6.37 ,0.00 ,0.00 ,0.00 ,439.20 ,34.40 ,34.20 ,5.60 
조정숙,9,17,0.74 ,6.26 ,0.00 ,0.00 ,0.00 ,497.00 ,31.50 ,25.00 ,11.00 
조정숙,9,18,0.21 ,5.95 ,0.00 ,0.00 ,0.00 ,503.80 ,31.20 ,26.40 ,12.20 
조정숙,9,19,0.26 ,5.79 ,0.47 ,0.86 ,7.72 ,503.80 ,32.60 ,28.80 ,11.60 
조정숙,9,20,0.21 ,5.00 ,0.37 ,1.35 ,4.79 ,503.80 ,35.20 ,33.00 ,12.00 
조정숙,9,21,0.42 ,4.58 ,0.21 ,1.22 ,2.45 ,503.80 ,36.60 ,34.20 ,11.00 
조정숙,9,22,0.47 ,4.68 ,0.58 ,1.73 ,6.55 ,503.80 ,36.00 ,34.00 ,10.20 
조정숙,9,23,0.47 ,5.53 ,0.84 ,3.15 ,10.16 ,503.80 ,36.00 ,34.40 ,10.20 
조정숙,10,1,0.00 ,0.00 ,0.00 ,0.00 ,0.00 ,192.00 ,47.20 ,45.20 ,8.40 
조정숙,10,2,0.00 ,0.00 ,0.00 ,0.00 ,0.00 ,209.20 ,43.60 ,43.00 ,5.00 
조정숙,10,3,0.21 ,0.00 ,0.00 ,0.00 ,0.00 ,216.40 ,40.80 ,43.20 ,6.20 
조정숙,10,4,0.26 ,0.21 ,0.00 ,0.00 ,0.00 ,235.80 ,40.50 ,42.20 ,9.80 
조정숙,10,5,0.53 ,0.37 ,0.00 ,0.00 ,0.00 ,249.60 ,41.60 ,43.00 ,10.40 
조정숙,10,6,0.74 ,0.68 ,0.00 ,0.00 ,0.00 ,267.60 ,40.20 ,38.60 ,11.00 
조정숙,10,7,1.11 ,1.95 ,0.00 ,0.00 ,0.00 ,291.60 ,38.40 ,39.40 ,6.40 
조정숙,10,8,0.68 ,1.79 ,0.00 ,0.00 ,0.00 ,325.40 ,37.50 ,33.10 ,8.40 
조정숙,10,9,0.84 ,2.05 ,0.00 ,0.00 ,0.00 ,346.60 ,33.80 ,29.90 ,7.60 
조정숙,10,10,0.68 ,2.63 ,0.00 ,0.00 ,0.00 ,369.60 ,32.80 ,27.40 ,6.80 
조정숙,10,11,0.53 ,3.26 ,0.00 ,0.00 ,0.00 ,389.80 ,35.40 ,35.00 ,7.60 
조정숙,10,12,0.26 ,3.42 ,0.00 ,0.00 ,0.00 ,409.80 ,35.60 ,33.00 ,4.40 
조정숙,10,13,0.21 ,3.58 ,0.00 ,0.00 ,0.00 ,439.00 ,34.00 ,31.00 ,9.00 
조정숙,10,14,0.37 ,3.37 ,0.00 ,0.00 ,0.00 ,409.80 ,33.60 ,30.20 ,8.20 
조정숙,10,15,0.42 ,3.68 ,0.00 ,0.00 ,0.00 ,409.80 ,33.80 ,32.60 ,9.60 
조정숙,10,16,0.63 ,5.79 ,0.00 ,0.00 ,0.00 ,439.20 ,34.40 ,34.20 ,5.60 
조정숙,10,17,0.74 ,6.11 ,0.00 ,0.00 ,0.00 ,497.00 ,31.50 ,25.00 ,11.00 
조정숙,10,18,0.26 ,5.95 ,0.00 ,0.00 ,0.00 ,503.80 ,31.20 ,26.40 ,12.20 
조정숙,10,19,0.26 ,5.79 ,0.47 ,0.86 ,7.72 ,503.80 ,32.60 ,28.80 ,11.60 
조정숙,10,20,0.21 ,5.16 ,0.37 ,1.35 ,4.79 ,503.80 ,35.20 ,33.00 ,12.00 
조정숙,10,21,0.42 ,4.84 ,0.21 ,1.22 ,2.45 ,503.80 ,36.60 ,34.20 ,11.00 
조정숙,10,22,0.47 ,4.32 ,0.58 ,1.73 ,6.55 ,503.80 ,36.00 ,34.00 ,10.20 
조정숙,10,23,0.47 ,5.16 ,0.74 ,3.20 ,9.11 ,503.80 ,36.00 ,34.40 ,10.20 
조정숙,11,1,0.00 ,0.00 ,0.00 ,0.00 ,0.00 ,192.00 ,47.20 ,45.20 ,8.40 
조정숙,11,2,0.00 ,0.00 ,0.00 ,0.00 ,0.00 ,209.20 ,43.60 ,43.00 ,5.00 
조정숙,11,3,0.21 ,0.00 ,0.00 ,0.00 ,0.00 ,216.40 ,40.80 ,43.20 ,6.20 
조정숙,11,4,0.26 ,0.21 ,0.00 ,0.00 ,0.00 ,235.80 ,40.50 ,42.20 ,9.80 
조정숙,11,5,0.53 ,0.37 ,0.00 ,0.00 ,0.00 ,249.60 ,41.60 ,43.00 ,10.40 
조정숙,11,6,0.74 ,0.68 ,0.00 ,0.00 ,0.00 ,267.60 ,40.20 ,38.60 ,11.00 
조정숙,11,7,1.11 ,1.95 ,0.00 ,0.00 ,0.00 ,291.60 ,38.40 ,39.40 ,6.40 
조정숙,11,8,0.68 ,1.79 ,0.00 ,0.00 ,0.00 ,325.40 ,37.50 ,33.10 ,8.40 
조정숙,11,9,0.84 ,2.05 ,0.00 ,0.00 ,0.00 ,346.60 ,33.80 ,29.90 ,7.60 
조정숙,11,10,0.68 ,2.63 ,0.00 ,0.00 ,0.00 ,369.60 ,32.80 ,27.40 ,6.80 
조정숙,11,11,0.53 ,3.26 ,0.00 ,0.00 ,0.00 ,389.80 ,35.40 ,35.00 ,7.60 
조정숙,11,12,0.26 ,3.42 ,0.00 ,0.00 ,0.00 ,409.80 ,35.60 ,33.00 ,4.40 
조정숙,11,13,0.21 ,3.58 ,0.00 ,0.00 ,0.00 ,439.00 ,34.00 ,31.00 ,9.00 
조정숙,11,14,0.37 ,3.37 ,0.00 ,0.00 ,0.00 ,409.80 ,33.60 ,30.20 ,8.20 
조정숙,11,15,0.42 ,3.68 ,0.00 ,0.00 ,0.00 ,409.80 ,33.80 ,32.60 ,9.60 
조정숙,11,16,0.47 ,5.79 ,0.00 ,0.00 ,0.00 ,439.20 ,34.40 ,34.20 ,5.60 
조정숙,11,17,0.47 ,5.95 ,0.00 ,0.00 ,0.00 ,497.00 ,31.50 ,25.00 ,11.00 
조정숙,11,18,0.42 ,5.47 ,0.00 ,0.00 ,0.00 ,503.80 ,31.20 ,26.40 ,12.20 
조정숙,11,19,0.26 ,5.11 ,0.47 ,0.86 ,7.72 ,503.80 ,32.60 ,28.80 ,11.60 
조정숙,11,20,0.21 ,4.58 ,0.37 ,1.35 ,4.79 ,503.80 ,35.20 ,33.00 ,12.00 
조정숙,11,21,0.42 ,4.42 ,0.21 ,1.22 ,2.45 ,503.80 ,36.60 ,34.20 ,11.00 
조정숙,11,22,0.47 ,3.79 ,0.58 ,1.73 ,6.55 ,503.80 ,36.00 ,34.00 ,10.20 
조정숙,11,23,0.47 ,4.63 ,0.58 ,2.53 ,7.10 ,503.80 ,36.00 ,34.40 ,10.20 
조정숙,12,1,0.00 ,0.00 ,0.00 ,0.00 ,0.00 ,192.00 ,47.20 ,45.20 ,8.40 
조정숙,12,2,0.00 ,0.00 ,0.00 ,0.00 ,0.00 ,209.20 ,43.60 ,43.00 ,5.00 
조정숙,12,3,0.21 ,0.00 ,0.00 ,0.00 ,0.00 ,216.40 ,40.80 ,43.20 ,6.20 
조정숙,12,4,0.26 ,0.21 ,0.00 ,0.00 ,0.00 ,235.80 ,40.50 ,42.20 ,9.80 
조정숙,12,5,0.53 ,0.37 ,0.00 ,0.00 ,0.00 ,249.60 ,41.60 ,43.00 ,10.40 
조정숙,12,6,0.74 ,0.68 ,0.00 ,0.00 ,0.00 ,267.60 ,40.20 ,38.60 ,11.00 
조정숙,12,7,1.11 ,1.95 ,0.00 ,0.00 ,0.00 ,291.60 ,38.40 ,39.40 ,6.40 
조정숙,12,8,0.68 ,1.79 ,0.00 ,0.00 ,0.00 ,325.40 ,37.50 ,33.10 ,8.40 
조정숙,12,9,0.84 ,2.05 ,0.00 ,0.00 ,0.00 ,346.60 ,33.80 ,29.90 ,7.60 
조정숙,12,10,0.68 ,2.63 ,0.00 ,0.00 ,0.00 ,369.60 ,32.80 ,27.40 ,6.80 
조정숙,12,11,0.53 ,3.26 ,0.00 ,0.00 ,0.00 ,389.80 ,35.40 ,35.00 ,7.60 
조정숙,12,12,0.26 ,3.42 ,0.00 ,0.00 ,0.00 ,409.80 ,35.60 ,33.00 ,4.40 
조정숙,12,13,0.21 ,3.58 ,0.00 ,0.00 ,0.00 ,439.00 ,34.00 ,31.00 ,9.00 
조정숙,12,14,0.37 ,3.37 ,0.00 ,0.00 ,0.00 ,409.80 ,33.60 ,30.20 ,8.20 
조정숙,12,15,0.42 ,3.68 ,0.00 ,0.00 ,0.00 ,409.80 ,33.80 ,32.60 ,9.60 
조정숙,12,16,0.47 ,5.79 ,0.00 ,0.00 ,0.00 ,439.20 ,34.40 ,34.20 ,5.60 
조정숙,12,17,0.37 ,5.95 ,0.00 ,0.00 ,0.00 ,497.00 ,31.50 ,25.00 ,11.00 
조정숙,12,18,0.37 ,5.32 ,0.00 ,0.00 ,0.00 ,503.80 ,31.20 ,26.40 ,12.20 
조정숙,12,19,0.32 ,4.95 ,0.47 ,0.86 ,7.72 ,503.80 ,32.60 ,28.80 ,11.60 
조정숙,12,20,0.26 ,4.47 ,0.37 ,1.35 ,4.79 ,503.80 ,35.20 ,33.00 ,12.00 
조정숙,12,21,0.42 ,4.42 ,0.21 ,1.22 ,2.45 ,503.80 ,36.60 ,34.20 ,11.00 
조정숙,12,22,0.47 ,3.89 ,0.58 ,1.73 ,6.55 ,503.80 ,36.00 ,34.00 ,10.20 
조정숙,12,23,0.47 ,4.47 ,0.58 ,2.53 ,7.10 ,503.80 ,36.00 ,34.40 ,10.20 
조정숙,13,1,0.00 ,0.00 ,0.00 ,0.00 ,0.00 ,192.00 ,47.20 ,45.20 ,8.40 
조정숙,13,2,0.00 ,0.00 ,0.00 ,0.00 ,0.00 ,209.20 ,43.60 ,43.00 ,5.00 
조정숙,13,3,0.21 ,0.00 ,0.00 ,0.00 ,0.00 ,216.40 ,40.80 ,43.20 ,6.20 
조정숙,13,4,0.26 ,0.21 ,0.00 ,0.00 ,0.00 ,235.80 ,40.50 ,42.20 ,9.80 
조정숙,13,5,0.53 ,0.37 ,0.00 ,0.00 ,0.00 ,249.60 ,41.60 ,43.00 ,10.40 
조정숙,13,6,0.74 ,0.68 ,0.00 ,0.00 ,0.00 ,267.60 ,40.20 ,38.60 ,11.00 
조정숙,13,7,1.11 ,1.95 ,0.00 ,0.00 ,0.00 ,291.60 ,38.40 ,39.40 ,6.40 
조정숙,13,8,0.68 ,1.79 ,0.00 ,0.00 ,0.00 ,325.40 ,37.50 ,33.10 ,8.40 
조정숙,13,9,0.84 ,2.05 ,0.00 ,0.00 ,0.00 ,346.60 ,33.80 ,29.90 ,7.60 
조정숙,13,10,0.68 ,2.63 ,0.00 ,0.00 ,0.00 ,369.60 ,32.80 ,27.40 ,6.80 
조정숙,13,11,0.53 ,3.26 ,0.00 ,0.00 ,0.00 ,389.80 ,35.40 ,35.00 ,7.60 
조정숙,13,12,0.26 ,3.42 ,0.00 ,0.00 ,0.00 ,409.80 ,35.60 ,33.00 ,4.40 
조정숙,13,13,0.21 ,3.58 ,0.00 ,0.00 ,0.00 ,439.00 ,34.00 ,31.00 ,9.00 
조정숙,13,14,0.37 ,3.37 ,0.00 ,0.00 ,0.00 ,409.80 ,33.60 ,30.20 ,8.20 
조정숙,13,15,0.42 ,3.68 ,0.00 ,0.00 ,0.00 ,409.80 ,33.80 ,32.60 ,9.60 
조정숙,13,16,0.47 ,5.79 ,0.00 ,0.00 ,0.00 ,439.20 ,34.40 ,34.20 ,5.60 
조정숙,13,17,0.37 ,5.95 ,0.00 ,0.00 ,0.00 ,497.00 ,31.50 ,25.00 ,11.00 
조정숙,13,18,0.37 ,5.32 ,0.00 ,0.00 ,0.00 ,503.80 ,31.20 ,26.40 ,12.20 
조정숙,13,19,0.32 ,4.68 ,0.47 ,0.86 ,7.72 ,503.80 ,32.60 ,28.80 ,11.60 
조정숙,13,20,0.47 ,4.42 ,0.37 ,1.35 ,4.79 ,503.80 ,35.20 ,33.00 ,12.00 
조정숙,13,21,0.53 ,4.68 ,0.21 ,1.22 ,2.45 ,503.80 ,36.60 ,34.20 ,11.00 
조정숙,13,22,0.47 ,4.79 ,0.58 ,1.73 ,6.55 ,503.80 ,36.00 ,34.00 ,10.20 
조정숙,13,23,0.47 ,4.79 ,0.58 ,2.53 ,7.10 ,503.80 ,36.00 ,34.40 ,10.20 
조정숙,14,1,0.00 ,0.00 ,0.00 ,0.00 ,0.00 ,192.00 ,47.20 ,45.20 ,8.40 
조정숙,14,2,0.00 ,0.00 ,0.00 ,0.00 ,0.00 ,209.20 ,43.60 ,43.00 ,5.00 
조정숙,14,3,0.21 ,0.00 ,0.00 ,0.00 ,0.00 ,216.40 ,40.80 ,43.20 ,6.20 
조정숙,14,4,0.26 ,0.21 ,0.00 ,0.00 ,0.00 ,235.80 ,40.50 ,42.20 ,9.80 
조정숙,14,5,0.53 ,0.37 ,0.00 ,0.00 ,0.00 ,249.60 ,41.60 ,43.00 ,10.40 
조정숙,14,6,0.74 ,0.68 ,0.00 ,0.00 ,0.00 ,267.60 ,40.20 ,38.60 ,11.00 
조정숙,14,7,1.11 ,1.95 ,0.00 ,0.00 ,0.00 ,291.60 ,38.40 ,39.40 ,6.40 
조정숙,14,8,0.68 ,1.79 ,0.00 ,0.00 ,0.00 ,325.40 ,37.50 ,33.10 ,8.40 
조정숙,14,9,0.84 ,2.05 ,0.00 ,0.00 ,0.00 ,346.60 ,33.80 ,29.90 ,7.60 
조정숙,14,10,0.68 ,2.63 ,0.00 ,0.00 ,0.00 ,369.60 ,32.80 ,27.40 ,6.80 
조정숙,14,11,0.53 ,3.26 ,0.00 ,0.00 ,0.00 ,389.80 ,35.40 ,35.00 ,7.60 
조정숙,14,12,0.26 ,3.42 ,0.00 ,0.00 ,0.00 ,409.80 ,35.60 ,33.00 ,4.40 
조정숙,14,13,0.21 ,3.58 ,0.00 ,0.00 ,0.00 ,439.00 ,34.00 ,31.00 ,9.00 
조정숙,14,14,0.37 ,3.37 ,0.00 ,0.00 ,0.00 ,409.80 ,33.60 ,30.20 ,8.20 
조정숙,14,15,0.42 ,3.68 ,0.00 ,0.00 ,0.00 ,409.80 ,33.80 ,32.60 ,9.60 
조정숙,14,16,0.47 ,5.79 ,0.00 ,0.00 ,0.00 ,439.20 ,34.40 ,34.20 ,5.60 
조정숙,14,17,0.37 ,5.95 ,0.00 ,0.00 ,0.00 ,497.00 ,31.50 ,25.00 ,11.00 
조정숙,14,18,0.37 ,5.32 ,0.00 ,0.00 ,0.00 ,503.80 ,31.20 ,26.40 ,12.20 
조정숙,14,19,0.32 ,4.68 ,0.47 ,0.86 ,7.72 ,503.80 ,32.60 ,28.80 ,11.60 
조정숙,14,20,0.42 ,4.42 ,0.37 ,1.35 ,4.79 ,503.80 ,35.20 ,33.00 ,12.00 
조정숙,14,21,0.42 ,4.63 ,0.21 ,1.22 ,2.45 ,503.80 ,36.60 ,34.20 ,11.00 
조정숙,14,22,0.37 ,4.47 ,0.58 ,1.73 ,6.55 ,503.80 ,36.00 ,34.00 ,10.20 
조정숙,14,23,0.42 ,4.37 ,0.58 ,2.53 ,7.10 ,503.80 ,36.00 ,34.40 ,10.20 
조정숙,15,1,0.00 ,0.00 ,0.00 ,0.00 ,0.00 ,192.00 ,47.20 ,45.20 ,8.40 
조정숙,15,2,0.00 ,0.00 ,0.00 ,0.00 ,0.00 ,209.20 ,43.60 ,43.00 ,5.00 
조정숙,15,3,0.21 ,0.00 ,0.00 ,0.00 ,0.00 ,216.40 ,40.80 ,43.20 ,6.20 
조정숙,15,4,0.26 ,0.21 ,0.00 ,0.00 ,0.00 ,235.80 ,40.50 ,42.20 ,9.80 
조정숙,15,5,0.53 ,0.37 ,0.00 ,0.00 ,0.00 ,249.60 ,41.60 ,43.00 ,10.40 
조정숙,15,6,0.74 ,0.68 ,0.00 ,0.00 ,0.00 ,267.60 ,40.20 ,38.60 ,11.00 
조정숙,15,7,1.11 ,1.95 ,0.00 ,0.00 ,0.00 ,291.60 ,38.40 ,39.40 ,6.40 
조정숙,15,8,0.68 ,1.79 ,0.00 ,0.00 ,0.00 ,325.40 ,37.50 ,33.10 ,8.40 
조정숙,15,9,0.84 ,2.05 ,0.00 ,0.00 ,0.00 ,346.60 ,33.80 ,29.90 ,7.60 
조정숙,15,10,0.68 ,2.63 ,0.00 ,0.00 ,0.00 ,369.60 ,32.80 ,27.40 ,6.80 
조정숙,15,11,0.53 ,3.26 ,0.00 ,0.00 ,0.00 ,389.80 ,35.40 ,35.00 ,7.60 
조정숙,15,12,0.26 ,3.42 ,0.00 ,0.00 ,0.00 ,409.80 ,35.60 ,33.00 ,4.40 
조정숙,15,13,0.21 ,3.58 ,0.00 ,0.00 ,0.00 ,439.00 ,34.00 ,31.00 ,9.00 
조정숙,15,14,0.37 ,3.37 ,0.00 ,0.00 ,0.00 ,409.80 ,33.60 ,30.20 ,8.20 
조정숙,15,15,0.42 ,3.68 ,0.00 ,0.00 ,0.00 ,409.80 ,33.80 ,32.60 ,9.60 
조정숙,15,16,0.47 ,5.79 ,0.00 ,0.00 ,0.00 ,439.20 ,34.40 ,34.20 ,5.60 
조정숙,15,17,0.37 ,5.95 ,0.00 ,0.00 ,0.00 ,497.00 ,31.50 ,25.00 ,11.00 
조정숙,15,18,0.37 ,5.32 ,0.00 ,0.00 ,0.00 ,503.80 ,31.20 ,26.40 ,12.20 
조정숙,15,19,0.32 ,4.68 ,0.47 ,0.86 ,7.72 ,503.80 ,32.60 ,28.80 ,11.60 
조정숙,15,20,0.42 ,4.42 ,0.37 ,1.35 ,4.79 ,503.80 ,35.20 ,33.00 ,12.00 
조정숙,15,21,0.32 ,4.63 ,0.21 ,1.22 ,2.45 ,503.80 ,36.60 ,34.20 ,11.00 
조정숙,15,22,0.58 ,4.21 ,0.58 ,1.73 ,6.55 ,503.80 ,36.00 ,34.00 ,10.20 
조정숙,15,23,0.53 ,4.58 ,0.58 ,2.53 ,7.10 ,503.80 ,36.00 ,34.40 ,10.20 
조정숙,16,1,0.00 ,0.00 ,0.00 ,0.00 ,0.00 ,192.00 ,47.20 ,45.20 ,8.40 
조정숙,16,2,0.00 ,0.00 ,0.00 ,0.00 ,0.00 ,209.20 ,43.60 ,43.00 ,5.00 
조정숙,16,3,0.21 ,0.00 ,0.00 ,0.00 ,0.00 ,216.40 ,40.80 ,43.20 ,6.20 
조정숙,16,4,0.26 ,0.21 ,0.00 ,0.00 ,0.00 ,235.80 ,40.50 ,42.20 ,9.80 
조정숙,16,5,0.53 ,0.37 ,0.00 ,0.00 ,0.00 ,249.60 ,41.60 ,43.00 ,10.40 
조정숙,16,6,0.74 ,0.68 ,0.00 ,0.00 ,0.00 ,267.60 ,40.20 ,38.60 ,11.00 
조정숙,16,7,1.11 ,1.95 ,0.00 ,0.00 ,0.00 ,291.60 ,38.40 ,39.40 ,6.40 
조정숙,16,8,0.68 ,1.79 ,0.00 ,0.00 ,0.00 ,325.40 ,37.50 ,33.10 ,8.40 
조정숙,16,9,0.84 ,2.05 ,0.00 ,0.00 ,0.00 ,346.60 ,33.80 ,29.90 ,7.60 
조정숙,16,10,0.68 ,2.63 ,0.00 ,0.00 ,0.00 ,369.60 ,32.80 ,27.40 ,6.80 
조정숙,16,11,0.53 ,3.26 ,0.00 ,0.00 ,0.00 ,389.80 ,35.40 ,35.00 ,7.60 
조정숙,16,12,0.26 ,3.42 ,0.00 ,0.00 ,0.00 ,409.80 ,35.60 ,33.00 ,4.40 
조정숙,16,13,0.21 ,3.58 ,0.00 ,0.00 ,0.00 ,439.00 ,34.00 ,31.00 ,9.00 
조정숙,16,14,0.37 ,3.37 ,0.00 ,0.00 ,0.00 ,409.80 ,33.60 ,30.20 ,8.20 
조정숙,16,15,0.42 ,3.68 ,0.00 ,0.00 ,0.00 ,409.80 ,33.80 ,32.60 ,9.60 
조정숙,16,16,0.47 ,5.79 ,0.00 ,0.00 ,0.00 ,439.20 ,34.40 ,34.20 ,5.60 
조정숙,16,17,0.37 ,5.95 ,0.00 ,0.00 ,0.00 ,497.00 ,31.50 ,25.00 ,11.00 
조정숙,16,18,0.37 ,5.32 ,0.00 ,0.00 ,0.00 ,503.80 ,31.20 ,26.40 ,12.20 
조정숙,16,19,0.32 ,4.68 ,0.47 ,0.86 ,7.72 ,503.80 ,32.60 ,28.80 ,11.60 
조정숙,16,20,0.42 ,4.42 ,0.37 ,1.35 ,4.79 ,503.80 ,35.20 ,33.00 ,12.00 
조정숙,16,21,0.32 ,4.63 ,0.21 ,1.22 ,2.45 ,503.80 ,36.60 ,34.20 ,11.00 
조정숙,16,22,0.47 ,4.21 ,0.58 ,1.73 ,6.55 ,503.80 ,36.00 ,34.00 ,10.20 
조정숙,16,23,0.68 ,4.47 ,0.58 ,2.53 ,7.10 ,503.80 ,36.00 ,34.40 ,10.20 
조정숙,17,1,0.00 ,0.00 ,0.00 ,0.00 ,0.00 ,192.00 ,47.20 ,45.20 ,8.40 
조정숙,17,2,0.00 ,0.00 ,0.00 ,0.00 ,0.00 ,209.20 ,43.60 ,43.00 ,5.00 
조정숙,17,3,0.21 ,0.00 ,0.00 ,0.00 ,0.00 ,216.40 ,40.80 ,43.20 ,6.20 
조정숙,17,4,0.26 ,0.21 ,0.00 ,0.00 ,0.00 ,235.80 ,40.50 ,42.20 ,9.80 
조정숙,17,5,0.53 ,0.37 ,0.00 ,0.00 ,0.00 ,249.60 ,41.60 ,43.00 ,10.40 
조정숙,17,6,0.74 ,0.68 ,0.00 ,0.00 ,0.00 ,267.60 ,40.20 ,38.60 ,11.00 
조정숙,17,7,1.11 ,1.95 ,0.00 ,0.00 ,0.00 ,291.60 ,38.40 ,39.40 ,6.40 
조정숙,17,8,0.68 ,1.79 ,0.00 ,0.00 ,0.00 ,325.40 ,37.50 ,33.10 ,8.40 
조정숙,17,9,0.84 ,2.05 ,0.00 ,0.00 ,0.00 ,346.60 ,33.80 ,29.90 ,7.60 
조정숙,17,10,0.68 ,2.63 ,0.00 ,0.00 ,0.00 ,369.60 ,32.80 ,27.40 ,6.80 
조정숙,17,11,0.53 ,3.26 ,0.00 ,0.00 ,0.00 ,389.80 ,35.40 ,35.00 ,7.60 
조정숙,17,12,0.26 ,3.42 ,0.00 ,0.00 ,0.00 ,409.80 ,35.60 ,33.00 ,4.40 
조정숙,17,13,0.21 ,3.58 ,0.00 ,0.00 ,0.00 ,439.00 ,34.00 ,31.00 ,9.00 
조정숙,17,14,0.37 ,3.37 ,0.00 ,0.00 ,0.00 ,409.80 ,33.60 ,30.20 ,8.20 
조정숙,17,15,0.42 ,3.68 ,0.00 ,0.00 ,0.00 ,409.80 ,33.80 ,32.60 ,9.60 
조정숙,17,16,0.47 ,5.79 ,0.00 ,0.00 ,0.00 ,439.20 ,34.40 ,34.20 ,5.60 
조정숙,17,17,0.37 ,5.95 ,0.00 ,0.00 ,0.00 ,497.00 ,31.50 ,25.00 ,11.00 
조정숙,17,18,0.37 ,5.32 ,0.00 ,0.00 ,0.00 ,503.80 ,31.20 ,26.40 ,12.20 
조정숙,17,19,0.32 ,4.68 ,0.47 ,0.86 ,7.72 ,503.80 ,32.60 ,28.80 ,11.60 
조정숙,17,20,0.42 ,4.42 ,0.37 ,1.35 ,4.79 ,503.80 ,35.20 ,33.00 ,12.00 
조정숙,17,21,0.32 ,4.63 ,0.21 ,1.22 ,2.45 ,503.80 ,36.60 ,34.20 ,11.00 
조정숙,17,22,0.47 ,4.21 ,0.58 ,1.73 ,6.55 ,503.80 ,36.00 ,34.00 ,10.20 
조정숙,17,23,0.68 ,4.47 ,0.58 ,2.53 ,7.10 ,503.80 ,36.00 ,34.40 ,10.20 
조정숙,18,1,0.00 ,0.00 ,0.00 ,0.00 ,0.00 ,192.00 ,47.20 ,45.20 ,8.40 
조정숙,18,2,0.00 ,0.00 ,0.00 ,0.00 ,0.00 ,209.20 ,43.60 ,43.00 ,5.00 
조정숙,18,3,0.21 ,0.00 ,0.00 ,0.00 ,0.00 ,216.40 ,40.80 ,43.20 ,6.20 
조정숙,18,4,0.26 ,0.21 ,0.00 ,0.00 ,0.00 ,235.80 ,40.50 ,42.20 ,9.80 
조정숙,18,5,0.53 ,0.37 ,0.00 ,0.00 ,0.00 ,249.60 ,41.60 ,43.00 ,10.40 
조정숙,18,6,0.74 ,0.68 ,0.00 ,0.00 ,0.00 ,267.60 ,40.20 ,38.60 ,11.00 
조정숙,18,7,1.11 ,1.95 ,0.00 ,0.00 ,0.00 ,291.60 ,38.40 ,39.40 ,6.40 
조정숙,18,8,0.68 ,1.79 ,0.00 ,0.00 ,0.00 ,325.40 ,37.50 ,33.10 ,8.40 
조정숙,18,9,0.84 ,2.05 ,0.00 ,0.00 ,0.00 ,346.60 ,33.80 ,29.90 ,7.60 
조정숙,18,10,0.68 ,2.63 ,0.00 ,0.00 ,0.00 ,369.60 ,32.80 ,27.40 ,6.80 
조정숙,18,11,0.53 ,3.26 ,0.00 ,0.00 ,0.00 ,389.80 ,35.40 ,35.00 ,7.60 
조정숙,18,12,0.26 ,3.42 ,0.00 ,0.00 ,0.00 ,409.80 ,35.60 ,33.00 ,4.40 
조정숙,18,13,0.21 ,3.58 ,0.00 ,0.00 ,0.00 ,439.00 ,34.00 ,31.00 ,9.00 
조정숙,18,14,0.37 ,3.37 ,0.00 ,0.00 ,0.00 ,409.80 ,33.60 ,30.20 ,8.20 
조정숙,18,15,0.42 ,3.68 ,0.00 ,0.00 ,0.00 ,409.80 ,33.80 ,32.60 ,9.60 
조정숙,18,16,0.47 ,5.79 ,0.00 ,0.00 ,0.00 ,439.20 ,34.40 ,34.20 ,5.60 
조정숙,18,17,0.37 ,5.95 ,0.00 ,0.00 ,0.00 ,497.00 ,31.50 ,25.00 ,11.00 
조정숙,18,18,0.37 ,5.32 ,0.00 ,0.00 ,0.00 ,503.80 ,31.20 ,26.40 ,12.20 
조정숙,18,19,0.32 ,4.68 ,0.47 ,0.86 ,7.72 ,503.80 ,32.60 ,28.80 ,11.60 
조정숙,18,20,0.42 ,4.42 ,0.37 ,1.35 ,4.79 ,503.80 ,35.20 ,33.00 ,12.00 
조정숙,18,21,0.32 ,4.63 ,0.21 ,1.22 ,2.45 ,503.80 ,36.60 ,34.20 ,11.00 
조정숙,18,22,0.47 ,4.21 ,0.58 ,1.73 ,6.55 ,503.80 ,36.00 ,34.00 ,10.20 
조정숙,18,23,0.68 ,4.47 ,0.58 ,2.53 ,7.10 ,503.80 ,36.00 ,34.40 ,10.20 
조정숙,19,1,0.00 ,0.00 ,0.00 ,0.00 ,0.00 ,192.00 ,47.20 ,45.20 ,8.40 
조정숙,19,2,0.00 ,0.00 ,0.00 ,0.00 ,0.00 ,209.20 ,43.60 ,43.00 ,5.00 
조정숙,19,3,0.21 ,0.00 ,0.00 ,0.00 ,0.00 ,216.40 ,40.80 ,43.20 ,6.20 
조정숙,19,4,0.26 ,0.21 ,0.00 ,0.00 ,0.00 ,235.80 ,40.50 ,42.20 ,9.80 
조정숙,19,5,0.53 ,0.37 ,0.00 ,0.00 ,0.00 ,249.60 ,41.60 ,43.00 ,10.40 
조정숙,19,6,0.74 ,0.68 ,0.00 ,0.00 ,0.00 ,267.60 ,40.20 ,38.60 ,11.00 
조정숙,19,7,1.11 ,1.95 ,0.00 ,0.00 ,0.00 ,291.60 ,38.40 ,39.40 ,6.40 
조정숙,19,8,0.68 ,1.79 ,0.00 ,0.00 ,0.00 ,325.40 ,37.50 ,33.10 ,8.40 
조정숙,19,9,0.84 ,2.05 ,0.00 ,0.00 ,0.00 ,346.60 ,33.80 ,29.90 ,7.60 
조정숙,19,10,0.68 ,2.63 ,0.00 ,0.00 ,0.00 ,369.60 ,32.80 ,27.40 ,6.80 
조정숙,19,11,0.53 ,3.26 ,0.00 ,0.00 ,0.00 ,389.80 ,35.40 ,35.00 ,7.60 
조정숙,19,12,0.26 ,3.42 ,0.00 ,0.00 ,0.00 ,409.80 ,35.60 ,33.00 ,4.40 
조정숙,19,13,0.21 ,3.58 ,0.00 ,0.00 ,0.00 ,439.00 ,34.00 ,31.00 ,9.00 
조정숙,19,14,0.37 ,3.37 ,0.00 ,0.00 ,0.00 ,409.80 ,33.60 ,30.20 ,8.20 
조정숙,19,15,0.42 ,3.68 ,0.00 ,0.00 ,0.00 ,409.80 ,33.80 ,32.60 ,9.60 
조정숙,19,16,0.47 ,5.79 ,0.00 ,0.00 ,0.00 ,439.20 ,34.40 ,34.20 ,5.60 
조정숙,19,17,0.37 ,5.95 ,0.00 ,0.00 ,0.00 ,497.00 ,31.50 ,25.00 ,11.00 
조정숙,19,18,0.47 ,5.32 ,0.00 ,0.00 ,0.00 ,503.80 ,31.20 ,26.40 ,12.20 
조정숙,19,19,0.32 ,4.68 ,0.47 ,0.86 ,7.72 ,503.80 ,32.60 ,28.80 ,11.60 
조정숙,19,20,0.42 ,4.42 ,0.37 ,1.35 ,4.79 ,503.80 ,35.20 ,33.00 ,12.00 
조정숙,19,21,0.32 ,4.63 ,0.21 ,1.22 ,2.45 ,503.80 ,36.60 ,34.20 ,11.00 
조정숙,19,22,0.47 ,4.21 ,0.58 ,1.73 ,6.55 ,503.80 ,36.00 ,34.00 ,10.20 
조정숙,19,23,0.68 ,4.47 ,0.58 ,2.53 ,7.10 ,503.80 ,36.00 ,34.40 ,10.20 