,var1(t-8),var2(t-8),var3(t-8),var4(t-8),var5(t-8),var6(t-8),var7(t-8),var8(t-8),var9(t-8),var10(t-8),var11(t-8),var12(t-8),var13(t-8),var14(t-8),var15(t-8),var16(t-8),var17(t-8),var18(t-8),var19(t-8),var20(t-8),var21(t-8),var22(t-8),var23(t-8),var24(t-8),var25(t-8),var26(t-8),var27(t-8),var28(t-8),var29(t-8),var30(t-8),var31(t-8),var32(t-8),var33(t-8),var34(t-8),var35(t-8),var1(t-7),var2(t-7),var3(t-7),var4(t-7),var5(t-7),var6(t-7),var7(t-7),var8(t-7),var9(t-7),var10(t-7),var11(t-7),var12(t-7),var13(t-7),var14(t-7),var15(t-7),var16(t-7),var17(t-7),var18(t-7),var19(t-7),var20(t-7),var21(t-7),var22(t-7),var23(t-7),var24(t-7),var25(t-7),var26(t-7),var27(t-7),var28(t-7),var29(t-7),var30(t-7),var31(t-7),var32(t-7),var33(t-7),var34(t-7),var35(t-7),var1(t-6),var2(t-6),var3(t-6),var4(t-6),var5(t-6),var6(t-6),var7(t-6),var8(t-6),var9(t-6),var10(t-6),var11(t-6),var12(t-6),var13(t-6),var14(t-6),var15(t-6),var16(t-6),var17(t-6),var18(t-6),var19(t-6),var20(t-6),var21(t-6),var22(t-6),var23(t-6),var24(t-6),var25(t-6),var26(t-6),var27(t-6),var28(t-6),var29(t-6),var30(t-6),var31(t-6),var32(t-6),var33(t-6),var34(t-6),var35(t-6),var1(t-5),var2(t-5),var3(t-5),var4(t-5),var5(t-5),var6(t-5),var7(t-5),var8(t-5),var9(t-5),var10(t-5),var11(t-5),var12(t-5),var13(t-5),var14(t-5),var15(t-5),var16(t-5),var17(t-5),var18(t-5),var19(t-5),var20(t-5),var21(t-5),var22(t-5),var23(t-5),var24(t-5),var25(t-5),var26(t-5),var27(t-5),var28(t-5),var29(t-5),var30(t-5),var31(t-5),var32(t-5),var33(t-5),var34(t-5),var35(t-5),var1(t-4),var2(t-4),var3(t-4),var4(t-4),var5(t-4),var6(t-4),var7(t-4),var8(t-4),var9(t-4),var10(t-4),var11(t-4),var12(t-4),var13(t-4),var14(t-4),var15(t-4),var16(t-4),var17(t-4),var18(t-4),var19(t-4),var20(t-4),var21(t-4),var22(t-4),var23(t-4),var24(t-4),var25(t-4),var26(t-4),var27(t-4),var28(t-4),var29(t-4),var30(t-4),var31(t-4),var32(t-4),var33(t-4),var34(t-4),var35(t-4),var1(t-3),var2(t-3),var3(t-3),var4(t-3),var5(t-3),var6(t-3),var7(t-3),var8(t-3),var9(t-3),var10(t-3),var11(t-3),var12(t-3),var13(t-3),var14(t-3),var15(t-3),var16(t-3),var17(t-3),var18(t-3),var19(t-3),var20(t-3),var21(t-3),var22(t-3),var23(t-3),var24(t-3),var25(t-3),var26(t-3),var27(t-3),var28(t-3),var29(t-3),var30(t-3),var31(t-3),var32(t-3),var33(t-3),var34(t-3),var35(t-3),var1(t-2),var2(t-2),var3(t-2),var4(t-2),var5(t-2),var6(t-2),var7(t-2),var8(t-2),var9(t-2),var10(t-2),var11(t-2),var12(t-2),var13(t-2),var14(t-2),var15(t-2),var16(t-2),var17(t-2),var18(t-2),var19(t-2),var20(t-2),var21(t-2),var22(t-2),var23(t-2),var24(t-2),var25(t-2),var26(t-2),var27(t-2),var28(t-2),var29(t-2),var30(t-2),var31(t-2),var32(t-2),var33(t-2),var34(t-2),var35(t-2),var1(t-1),var2(t-1),var3(t-1),var4(t-1),var5(t-1),var6(t-1),var7(t-1),var8(t-1),var9(t-1),var10(t-1),var11(t-1),var12(t-1),var13(t-1),var14(t-1),var15(t-1),var16(t-1),var17(t-1),var18(t-1),var19(t-1),var20(t-1),var21(t-1),var22(t-1),var23(t-1),var24(t-1),var25(t-1),var26(t-1),var27(t-1),var28(t-1),var29(t-1),var30(t-1),var31(t-1),var32(t-1),var33(t-1),var34(t-1),var35(t-1),var35(t)
0,1.0,1.0,0.79543495,1.0,0.73367286,0.79462755,0.10055015,0.6455182,0.097556375,0.035848413,0.9907317,0.20177265,0.46656835,0.46656835,1.0,1.0,0.9355126,1.0,0.1837143,0.27260983,0.0,0.123847574,0.0,0.0,0.0,0.0,0.0,0.0,0.0,0.0,0.0,0.0,0.0,0.0,0.0,0.6272468,0.6113222,0.6156331,0.6887239,0.79281425,0.6962753,0.20137717,0.8385154,0.116791815,0.003820579,0.73216444,0.19510503,0.50639135,0.50639135,0.8586655,0.8457961,0.88865775,0.871107,0.22418311,0.35400516,0.0,0.17639828,0.0,0.0,0.0,0.0,0.0,0.0,0.0,0.0,0.0,0.0,0.0,0.0,0.0,0.60882103,0.58943784,0.9106374,0.60232407,0.8404542,0.8889461,0.14623244,0.65462184,0.23828378,0.12924938,0.8255852,0.541585,0.29293674,0.29293674,0.87446344,0.8428896,0.9702823,0.89863527,0.0,0.08268734,0.0,0.1290719,0.0,0.0,0.0,0.0,0.0,0.0,0.0,0.0,0.0,0.0,0.0,0.0,0.0,0.51097214,0.54147553,0.33484066,0.5852163,0.6368104,0.7360968,0.41408783,0.57044816,0.20459498,0.108764574,0.65733933,0.36132383,0.4900033,0.4900033,0.83310235,0.83808064,0.8191184,0.8246821,0.3480665,0.2751938,0.0,0.26982176,0.0,0.0,0.0,0.0,0.0,0.0,0.0,0.0,0.0,0.0,0.0,0.0,0.0,0.52978814,0.5361027,0.39061153,0.6099634,0.71948284,0.72657055,0.4947441,0.6934174,0.34421918,0.1459136,0.6625048,0.5466362,0.476647,0.476647,0.8305814,0.8381863,0.7837048,0.8457366,0.09001968,0.13695091,0.0,0.0,0.8947368,0.7777778,0.9352014,0.9173847,0.43741587,0.75299984,0.14285715,0.12731482,0.076430686,0.0,0.30208334,0.0,0.0,0.47782782,0.47202203,0.34969854,0.6163116,0.7290449,0.5805012,0.34016111,0.8368347,0.4193993,0.2816661,0.5661324,0.5946228,0.40372008,0.40372008,0.78649116,0.7930032,0.71218425,0.93211246,0.18212296,0.22222222,0.0,0.2793485,1.0,0.9444444,0.8931699,0.84135836,0.2960969,0.71829426,0.17857143,0.15972222,0.11225757,0.0,0.46875,0.0,0.0,0.38867638,0.3475298,0.5450043,0.45792985,0.93560374,0.90293515,0.4701346,0.76666665,0.2967403,0.27491912,0.6743115,0.36714956,0.20313013,0.20313013,0.7695187,0.75352746,0.7741456,0.793013,0.09641795,0.12661499,0.0,0.20006146,0.0,0.0,0.0,0.0,0.0,0.0,0.0,0.0,0.0,0.0,0.0,0.0,0.0,0.31725377,0.30821648,0.3583118,0.46277168,0.87500083,0.8354789,0.28887907,0.7939776,0.35994673,0.23866425,0.0,0.47470686,0.18772534,0.18772534,0.7019485,0.716694,0.6589401,0.82392395,0.23429489,0.2868217,0.0,0.24400738,0.0,0.0,0.0,0.0,0.0,0.0,0.0,0.0,0.0,0.0,0.0,0.0,0.0,0.14973152
1,0.6272468,0.6113222,0.6156331,0.6887239,0.79281425,0.6962753,0.20137717,0.8385154,0.116791815,0.003820579,0.73216444,0.19510503,0.50639135,0.50639135,0.8586655,0.8457961,0.88865775,0.871107,0.22418311,0.35400516,0.0,0.17639828,0.0,0.0,0.0,0.0,0.0,0.0,0.0,0.0,0.0,0.0,0.0,0.0,0.0,0.60882103,0.58943784,0.9106374,0.60232407,0.8404542,0.8889461,0.14623244,0.65462184,0.23828378,0.12924938,0.8255852,0.541585,0.29293674,0.29293674,0.87446344,0.8428896,0.9702823,0.89863527,0.0,0.08268734,0.0,0.1290719,0.0,0.0,0.0,0.0,0.0,0.0,0.0,0.0,0.0,0.0,0.0,0.0,0.0,0.51097214,0.54147553,0.33484066,0.5852163,0.6368104,0.7360968,0.41408783,0.57044816,0.20459498,0.108764574,0.65733933,0.36132383,0.4900033,0.4900033,0.83310235,0.83808064,0.8191184,0.8246821,0.3480665,0.2751938,0.0,0.26982176,0.0,0.0,0.0,0.0,0.0,0.0,0.0,0.0,0.0,0.0,0.0,0.0,0.0,0.52978814,0.5361027,0.39061153,0.6099634,0.71948284,0.72657055,0.4947441,0.6934174,0.34421918,0.1459136,0.6625048,0.5466362,0.476647,0.476647,0.8305814,0.8381863,0.7837048,0.8457366,0.09001968,0.13695091,0.0,0.0,0.8947368,0.7777778,0.9352014,0.9173847,0.43741587,0.75299984,0.14285715,0.12731482,0.076430686,0.0,0.30208334,0.0,0.0,0.47782782,0.47202203,0.34969854,0.6163116,0.7290449,0.5805012,0.34016111,0.8368347,0.4193993,0.2816661,0.5661324,0.5946228,0.40372008,0.40372008,0.78649116,0.7930032,0.71218425,0.93211246,0.18212296,0.22222222,0.0,0.2793485,1.0,0.9444444,0.8931699,0.84135836,0.2960969,0.71829426,0.17857143,0.15972222,0.11225757,0.0,0.46875,0.0,0.0,0.38867638,0.3475298,0.5450043,0.45792985,0.93560374,0.90293515,0.4701346,0.76666665,0.2967403,0.27491912,0.6743115,0.36714956,0.20313013,0.20313013,0.7695187,0.75352746,0.7741456,0.793013,0.09641795,0.12661499,0.0,0.20006146,0.0,0.0,0.0,0.0,0.0,0.0,0.0,0.0,0.0,0.0,0.0,0.0,0.0,0.31725377,0.30821648,0.3583118,0.46277168,0.87500083,0.8354789,0.28887907,0.7939776,0.35994673,0.23866425,0.0,0.47470686,0.18772534,0.18772534,0.7019485,0.716694,0.6589401,0.82392395,0.23429489,0.2868217,0.0,0.24400738,0.0,0.0,0.0,0.0,0.0,0.0,0.0,0.0,0.0,0.0,0.0,0.0,0.0,0.24844098,0.21216092,0.3242894,0.32666236,0.55119866,0.45176795,0.43614304,0.51736695,0.39616826,0.24581769,0.8043331,0.49696591,0.25335956,0.25335956,0.68078095,0.6735718,0.671471,0.6733932,0.26009917,0.14082687,0.0,0.30331898,0.67836255,0.7546296,1.0,0.9401926,0.5957829,0.7700757,0.27232143,0.25200617,0.25150472,0.0,0.8003472,0.0,0.14973152,0.5834366
2,0.60882103,0.58943784,0.9106374,0.60232407,0.8404542,0.8889461,0.14623244,0.65462184,0.23828378,0.12924938,0.8255852,0.541585,0.29293674,0.29293674,0.87446344,0.8428896,0.9702823,0.89863527,0.0,0.08268734,0.0,0.1290719,0.0,0.0,0.0,0.0,0.0,0.0,0.0,0.0,0.0,0.0,0.0,0.0,0.0,0.51097214,0.54147553,0.33484066,0.5852163,0.6368104,0.7360968,0.41408783,0.57044816,0.20459498,0.108764574,0.65733933,0.36132383,0.4900033,0.4900033,0.83310235,0.83808064,0.8191184,0.8246821,0.3480665,0.2751938,0.0,0.26982176,0.0,0.0,0.0,0.0,0.0,0.0,0.0,0.0,0.0,0.0,0.0,0.0,0.0,0.52978814,0.5361027,0.39061153,0.6099634,0.71948284,0.72657055,0.4947441,0.6934174,0.34421918,0.1459136,0.6625048,0.5466362,0.476647,0.476647,0.8305814,0.8381863,0.7837048,0.8457366,0.09001968,0.13695091,0.0,0.0,0.8947368,0.7777778,0.9352014,0.9173847,0.43741587,0.75299984,0.14285715,0.12731482,0.076430686,0.0,0.30208334,0.0,0.0,0.47782782,0.47202203,0.34969854,0.6163116,0.7290449,0.5805012,0.34016111,0.8368347,0.4193993,0.2816661,0.5661324,0.5946228,0.40372008,0.40372008,0.78649116,0.7930032,0.71218425,0.93211246,0.18212296,0.22222222,0.0,0.2793485,1.0,0.9444444,0.8931699,0.84135836,0.2960969,0.71829426,0.17857143,0.15972222,0.11225757,0.0,0.46875,0.0,0.0,0.38867638,0.3475298,0.5450043,0.45792985,0.93560374,0.90293515,0.4701346,0.76666665,0.2967403,0.27491912,0.6743115,0.36714956,0.20313013,0.20313013,0.7695187,0.75352746,0.7741456,0.793013,0.09641795,0.12661499,0.0,0.20006146,0.0,0.0,0.0,0.0,0.0,0.0,0.0,0.0,0.0,0.0,0.0,0.0,0.0,0.31725377,0.30821648,0.3583118,0.46277168,0.87500083,0.8354789,0.28887907,0.7939776,0.35994673,0.23866425,0.0,0.47470686,0.18772534,0.18772534,0.7019485,0.716694,0.6589401,0.82392395,0.23429489,0.2868217,0.0,0.24400738,0.0,0.0,0.0,0.0,0.0,0.0,0.0,0.0,0.0,0.0,0.0,0.0,0.0,0.24844098,0.21216092,0.3242894,0.32666236,0.55119866,0.45176795,0.43614304,0.51736695,0.39616826,0.24581769,0.8043331,0.49696591,0.25335956,0.25335956,0.68078095,0.6735718,0.671471,0.6733932,0.26009917,0.14082687,0.0,0.30331898,0.67836255,0.7546296,1.0,0.9401926,0.5957829,0.7700757,0.27232143,0.25200617,0.25150472,0.0,0.8003472,0.0,0.14973152,0.18047191,0.138645,0.166882,0.2383258,0.65302783,0.5233436,0.5044209,0.31708685,0.53048307,0.3731974,0.8291272,0.48262045,0.24852507,0.24852507,0.58554316,0.561486,0.61297673,0.6705354,0.20743603,0.04005168,0.0,0.70590043,0.7368421,1.0,0.96672505,0.8109478,0.26917902,0.57670295,0.32142857,0.3074074,0.30572274,0.0,0.875,0.0,0.5834366,0.7581578
3,0.51097214,0.54147553,0.33484066,0.5852163,0.6368104,0.7360968,0.41408783,0.57044816,0.20459498,0.108764574,0.65733933,0.36132383,0.4900033,0.4900033,0.83310235,0.83808064,0.8191184,0.8246821,0.3480665,0.2751938,0.0,0.26982176,0.0,0.0,0.0,0.0,0.0,0.0,0.0,0.0,0.0,0.0,0.0,0.0,0.0,0.52978814,0.5361027,0.39061153,0.6099634,0.71948284,0.72657055,0.4947441,0.6934174,0.34421918,0.1459136,0.6625048,0.5466362,0.476647,0.476647,0.8305814,0.8381863,0.7837048,0.8457366,0.09001968,0.13695091,0.0,0.0,0.8947368,0.7777778,0.9352014,0.9173847,0.43741587,0.75299984,0.14285715,0.12731482,0.076430686,0.0,0.30208334,0.0,0.0,0.47782782,0.47202203,0.34969854,0.6163116,0.7290449,0.5805012,0.34016111,0.8368347,0.4193993,0.2816661,0.5661324,0.5946228,0.40372008,0.40372008,0.78649116,0.7930032,0.71218425,0.93211246,0.18212296,0.22222222,0.0,0.2793485,1.0,0.9444444,0.8931699,0.84135836,0.2960969,0.71829426,0.17857143,0.15972222,0.11225757,0.0,0.46875,0.0,0.0,0.38867638,0.3475298,0.5450043,0.45792985,0.93560374,0.90293515,0.4701346,0.76666665,0.2967403,0.27491912,0.6743115,0.36714956,0.20313013,0.20313013,0.7695187,0.75352746,0.7741456,0.793013,0.09641795,0.12661499,0.0,0.20006146,0.0,0.0,0.0,0.0,0.0,0.0,0.0,0.0,0.0,0.0,0.0,0.0,0.0,0.31725377,0.30821648,0.3583118,0.46277168,0.87500083,0.8354789,0.28887907,0.7939776,0.35994673,0.23866425,0.0,0.47470686,0.18772534,0.18772534,0.7019485,0.716694,0.6589401,0.82392395,0.23429489,0.2868217,0.0,0.24400738,0.0,0.0,0.0,0.0,0.0,0.0,0.0,0.0,0.0,0.0,0.0,0.0,0.0,0.24844098,0.21216092,0.3242894,0.32666236,0.55119866,0.45176795,0.43614304,0.51736695,0.39616826,0.24581769,0.8043331,0.49696591,0.25335956,0.25335956,0.68078095,0.6735718,0.671471,0.6733932,0.26009917,0.14082687,0.0,0.30331898,0.67836255,0.7546296,1.0,0.9401926,0.5957829,0.7700757,0.27232143,0.25200617,0.25150472,0.0,0.8003472,0.0,0.14973152,0.18047191,0.138645,0.166882,0.2383258,0.65302783,0.5233436,0.5044209,0.31708685,0.53048307,0.3731974,0.8291272,0.48262045,0.24852507,0.24852507,0.58554316,0.561486,0.61297673,0.6705354,0.20743603,0.04005168,0.0,0.70590043,0.7368421,1.0,0.96672505,0.8109478,0.26917902,0.57670295,0.32142857,0.3074074,0.30572274,0.0,0.875,0.0,0.5834366,0.09893678,0.06748788,0.37833765,0.08553906,0.8102459,0.67155856,0.7006582,0.43767506,0.5749601,0.43969175,0.7464801,0.5060918,0.21468371,0.21468371,0.47064885,0.47471333,0.46458644,0.51551384,0.14754307,0.04263566,0.0,0.31591886,0.0,0.0,0.0,0.0,0.0,0.0,0.0,0.0,0.0,0.0,0.0,0.0,0.7581578,0.54378355
4,0.52978814,0.5361027,0.39061153,0.6099634,0.71948284,0.72657055,0.4947441,0.6934174,0.34421918,0.1459136,0.6625048,0.5466362,0.476647,0.476647,0.8305814,0.8381863,0.7837048,0.8457366,0.09001968,0.13695091,0.0,0.0,0.8947368,0.7777778,0.9352014,0.9173847,0.43741587,0.75299984,0.14285715,0.12731482,0.076430686,0.0,0.30208334,0.0,0.0,0.47782782,0.47202203,0.34969854,0.6163116,0.7290449,0.5805012,0.34016111,0.8368347,0.4193993,0.2816661,0.5661324,0.5946228,0.40372008,0.40372008,0.78649116,0.7930032,0.71218425,0.93211246,0.18212296,0.22222222,0.0,0.2793485,1.0,0.9444444,0.8931699,0.84135836,0.2960969,0.71829426,0.17857143,0.15972222,0.11225757,0.0,0.46875,0.0,0.0,0.38867638,0.3475298,0.5450043,0.45792985,0.93560374,0.90293515,0.4701346,0.76666665,0.2967403,0.27491912,0.6743115,0.36714956,0.20313013,0.20313013,0.7695187,0.75352746,0.7741456,0.793013,0.09641795,0.12661499,0.0,0.20006146,0.0,0.0,0.0,0.0,0.0,0.0,0.0,0.0,0.0,0.0,0.0,0.0,0.0,0.31725377,0.30821648,0.3583118,0.46277168,0.87500083,0.8354789,0.28887907,0.7939776,0.35994673,0.23866425,0.0,0.47470686,0.18772534,0.18772534,0.7019485,0.716694,0.6589401,0.82392395,0.23429489,0.2868217,0.0,0.24400738,0.0,0.0,0.0,0.0,0.0,0.0,0.0,0.0,0.0,0.0,0.0,0.0,0.0,0.24844098,0.21216092,0.3242894,0.32666236,0.55119866,0.45176795,0.43614304,0.51736695,0.39616826,0.24581769,0.8043331,0.49696591,0.25335956,0.25335956,0.68078095,0.6735718,0.671471,0.6733932,0.26009917,0.14082687,0.0,0.30331898,0.67836255,0.7546296,1.0,0.9401926,0.5957829,0.7700757,0.27232143,0.25200617,0.25150472,0.0,0.8003472,0.0,0.14973152,0.18047191,0.138645,0.166882,0.2383258,0.65302783,0.5233436,0.5044209,0.31708685,0.53048307,0.3731974,0.8291272,0.48262045,0.24852507,0.24852507,0.58554316,0.561486,0.61297673,0.6705354,0.20743603,0.04005168,0.0,0.70590043,0.7368421,1.0,0.96672505,0.8109478,0.26917902,0.57670295,0.32142857,0.3074074,0.30572274,0.0,0.875,0.0,0.5834366,0.09893678,0.06748788,0.37833765,0.08553906,0.8102459,0.67155856,0.7006582,0.43767506,0.5749601,0.43969175,0.7464801,0.5060918,0.21468371,0.21468371,0.47064885,0.47471333,0.46458644,0.51551384,0.14754307,0.04263566,0.0,0.31591886,0.0,0.0,0.0,0.0,0.0,0.0,0.0,0.0,0.0,0.0,0.0,0.0,0.7581578,0.11886431,0.09317259,0.16860466,0.20281902,0.8278396,0.6767937,0.7542489,0.5714286,0.59212935,0.47619048,0.77363557,0.6329447,0.19198623,0.19198623,0.47577715,0.47148973,0.44507182,0.63070107,0.19424237,0.089147285,0.0,0.49723417,0.78289473,0.6666667,0.8700525,0.9358844,0.58176315,0.8523168,0.25892857,0.24523148,0.22441961,0.034079246,0.6927083,0.0,0.54378355,0.66646016
5,0.47782782,0.47202203,0.34969854,0.6163116,0.7290449,0.5805012,0.34016111,0.8368347,0.4193993,0.2816661,0.5661324,0.5946228,0.40372008,0.40372008,0.78649116,0.7930032,0.71218425,0.93211246,0.18212296,0.22222222,0.0,0.2793485,1.0,0.9444444,0.8931699,0.84135836,0.2960969,0.71829426,0.17857143,0.15972222,0.11225757,0.0,0.46875,0.0,0.0,0.38867638,0.3475298,0.5450043,0.45792985,0.93560374,0.90293515,0.4701346,0.76666665,0.2967403,0.27491912,0.6743115,0.36714956,0.20313013,0.20313013,0.7695187,0.75352746,0.7741456,0.793013,0.09641795,0.12661499,0.0,0.20006146,0.0,0.0,0.0,0.0,0.0,0.0,0.0,0.0,0.0,0.0,0.0,0.0,0.0,0.31725377,0.30821648,0.3583118,0.46277168,0.87500083,0.8354789,0.28887907,0.7939776,0.35994673,0.23866425,0.0,0.47470686,0.18772534,0.18772534,0.7019485,0.716694,0.6589401,0.82392395,0.23429489,0.2868217,0.0,0.24400738,0.0,0.0,0.0,0.0,0.0,0.0,0.0,0.0,0.0,0.0,0.0,0.0,0.0,0.24844098,0.21216092,0.3242894,0.32666236,0.55119866,0.45176795,0.43614304,0.51736695,0.39616826,0.24581769,0.8043331,0.49696591,0.25335956,0.25335956,0.68078095,0.6735718,0.671471,0.6733932,0.26009917,0.14082687,0.0,0.30331898,0.67836255,0.7546296,1.0,0.9401926,0.5957829,0.7700757,0.27232143,0.25200617,0.25150472,0.0,0.8003472,0.0,0.14973152,0.18047191,0.138645,0.166882,0.2383258,0.65302783,0.5233436,0.5044209,0.31708685,0.53048307,0.3731974,0.8291272,0.48262045,0.24852507,0.24852507,0.58554316,0.561486,0.61297673,0.6705354,0.20743603,0.04005168,0.0,0.70590043,0.7368421,1.0,0.96672505,0.8109478,0.26917902,0.57670295,0.32142857,0.3074074,0.30572274,0.0,0.875,0.0,0.5834366,0.09893678,0.06748788,0.37833765,0.08553906,0.8102459,0.67155856,0.7006582,0.43767506,0.5749601,0.43969175,0.7464801,0.5060918,0.21468371,0.21468371,0.47064885,0.47471333,0.46458644,0.51551384,0.14754307,0.04263566,0.0,0.31591886,0.0,0.0,0.0,0.0,0.0,0.0,0.0,0.0,0.0,0.0,0.0,0.0,0.7581578,0.11886431,0.09317259,0.16860466,0.20281902,0.8278396,0.6767937,0.7542489,0.5714286,0.59212935,0.47619048,0.77363557,0.6329447,0.19198623,0.19198623,0.47577715,0.47148973,0.44507182,0.63070107,0.19424237,0.089147285,0.0,0.49723417,0.78289473,0.6666667,0.8700525,0.9358844,0.58176315,0.8523168,0.25892857,0.24523148,0.22441961,0.034079246,0.6927083,0.0,0.54378355,0.0716791,0.055038657,0.18561585,0.116204,0.90212524,0.6942156,0.94714606,0.4152661,0.61899036,0.5786958,0.25487766,0.4971006,0.116027534,0.116027534,0.32298067,0.3150663,0.31421494,0.3408375,0.4391812,0.15116279,0.5,0.5436386,0.7245614,0.6666667,0.88371277,1.0,0.6473755,0.84973234,0.30357143,0.29,0.2642591,0.047012933,0.75,0.0,0.66646016,0.6243288
6,0.38867638,0.3475298,0.5450043,0.45792985,0.93560374,0.90293515,0.4701346,0.76666665,0.2967403,0.27491912,0.6743115,0.36714956,0.20313013,0.20313013,0.7695187,0.75352746,0.7741456,0.793013,0.09641795,0.12661499,0.0,0.20006146,0.0,0.0,0.0,0.0,0.0,0.0,0.0,0.0,0.0,0.0,0.0,0.0,0.0,0.31725377,0.30821648,0.3583118,0.46277168,0.87500083,0.8354789,0.28887907,0.7939776,0.35994673,0.23866425,0.0,0.47470686,0.18772534,0.18772534,0.7019485,0.716694,0.6589401,0.82392395,0.23429489,0.2868217,0.0,0.24400738,0.0,0.0,0.0,0.0,0.0,0.0,0.0,0.0,0.0,0.0,0.0,0.0,0.0,0.24844098,0.21216092,0.3242894,0.32666236,0.55119866,0.45176795,0.43614304,0.51736695,0.39616826,0.24581769,0.8043331,0.49696591,0.25335956,0.25335956,0.68078095,0.6735718,0.671471,0.6733932,0.26009917,0.14082687,0.0,0.30331898,0.67836255,0.7546296,1.0,0.9401926,0.5957829,0.7700757,0.27232143,0.25200617,0.25150472,0.0,0.8003472,0.0,0.14973152,0.18047191,0.138645,0.166882,0.2383258,0.65302783,0.5233436,0.5044209,0.31708685,0.53048307,0.3731974,0.8291272,0.48262045,0.24852507,0.24852507,0.58554316,0.561486,0.61297673,0.6705354,0.20743603,0.04005168,0.0,0.70590043,0.7368421,1.0,0.96672505,0.8109478,0.26917902,0.57670295,0.32142857,0.3074074,0.30572274,0.0,0.875,0.0,0.5834366,0.09893678,0.06748788,0.37833765,0.08553906,0.8102459,0.67155856,0.7006582,0.43767506,0.5749601,0.43969175,0.7464801,0.5060918,0.21468371,0.21468371,0.47064885,0.47471333,0.46458644,0.51551384,0.14754307,0.04263566,0.0,0.31591886,0.0,0.0,0.0,0.0,0.0,0.0,0.0,0.0,0.0,0.0,0.0,0.0,0.7581578,0.11886431,0.09317259,0.16860466,0.20281902,0.8278396,0.6767937,0.7542489,0.5714286,0.59212935,0.47619048,0.77363557,0.6329447,0.19198623,0.19198623,0.47577715,0.47148973,0.44507182,0.63070107,0.19424237,0.089147285,0.0,0.49723417,0.78289473,0.6666667,0.8700525,0.9358844,0.58176315,0.8523168,0.25892857,0.24523148,0.22441961,0.034079246,0.6927083,0.0,0.54378355,0.0716791,0.055038657,0.18561585,0.116204,0.90212524,0.6942156,0.94714606,0.4152661,0.61899036,0.5786958,0.25487766,0.4971006,0.116027534,0.116027534,0.32298067,0.3150663,0.31421494,0.3408375,0.4391812,0.15116279,0.5,0.5436386,0.7245614,0.6666667,0.88371277,1.0,0.6473755,0.84973234,0.30357143,0.29,0.2642591,0.047012933,0.75,0.0,0.66646016,0.048473373,0.03197484,0.32536605,0.11609641,0.9162021,0.7147271,0.87857354,0.39159665,0.7397703,0.7323319,0.5981582,0.59694636,0.070140935,0.070140935,0.3164518,0.3046557,0.35438335,0.30508575,0.23830302,0.24289405,0.0,0.33497235,0.6105263,0.8333333,0.8590193,0.9447542,0.4885599,0.7568765,0.35714287,0.34407407,0.30553168,0.07955246,0.75,0.0,0.6243288,0.7393639
7,0.31725377,0.30821648,0.3583118,0.46277168,0.87500083,0.8354789,0.28887907,0.7939776,0.35994673,0.23866425,0.0,0.47470686,0.18772534,0.18772534,0.7019485,0.716694,0.6589401,0.82392395,0.23429489,0.2868217,0.0,0.24400738,0.0,0.0,0.0,0.0,0.0,0.0,0.0,0.0,0.0,0.0,0.0,0.0,0.0,0.24844098,0.21216092,0.3242894,0.32666236,0.55119866,0.45176795,0.43614304,0.51736695,0.39616826,0.24581769,0.8043331,0.49696591,0.25335956,0.25335956,0.68078095,0.6735718,0.671471,0.6733932,0.26009917,0.14082687,0.0,0.30331898,0.67836255,0.7546296,1.0,0.9401926,0.5957829,0.7700757,0.27232143,0.25200617,0.25150472,0.0,0.8003472,0.0,0.14973152,0.18047191,0.138645,0.166882,0.2383258,0.65302783,0.5233436,0.5044209,0.31708685,0.53048307,0.3731974,0.8291272,0.48262045,0.24852507,0.24852507,0.58554316,0.561486,0.61297673,0.6705354,0.20743603,0.04005168,0.0,0.70590043,0.7368421,1.0,0.96672505,0.8109478,0.26917902,0.57670295,0.32142857,0.3074074,0.30572274,0.0,0.875,0.0,0.5834366,0.09893678,0.06748788,0.37833765,0.08553906,0.8102459,0.67155856,0.7006582,0.43767506,0.5749601,0.43969175,0.7464801,0.5060918,0.21468371,0.21468371,0.47064885,0.47471333,0.46458644,0.51551384,0.14754307,0.04263566,0.0,0.31591886,0.0,0.0,0.0,0.0,0.0,0.0,0.0,0.0,0.0,0.0,0.0,0.0,0.7581578,0.11886431,0.09317259,0.16860466,0.20281902,0.8278396,0.6767937,0.7542489,0.5714286,0.59212935,0.47619048,0.77363557,0.6329447,0.19198623,0.19198623,0.47577715,0.47148973,0.44507182,0.63070107,0.19424237,0.089147285,0.0,0.49723417,0.78289473,0.6666667,0.8700525,0.9358844,0.58176315,0.8523168,0.25892857,0.24523148,0.22441961,0.034079246,0.6927083,0.0,0.54378355,0.0716791,0.055038657,0.18561585,0.116204,0.90212524,0.6942156,0.94714606,0.4152661,0.61899036,0.5786958,0.25487766,0.4971006,0.116027534,0.116027534,0.32298067,0.3150663,0.31421494,0.3408375,0.4391812,0.15116279,0.5,0.5436386,0.7245614,0.6666667,0.88371277,1.0,0.6473755,0.84973234,0.30357143,0.29,0.2642591,0.047012933,0.75,0.0,0.66646016,0.048473373,0.03197484,0.32536605,0.11609641,0.9162021,0.7147271,0.87857354,0.39159665,0.7397703,0.7323319,0.5981582,0.59694636,0.070140935,0.070140935,0.3164518,0.3046557,0.35438335,0.30508575,0.23830302,0.24289405,0.0,0.33497235,0.6105263,0.8333333,0.8590193,0.9447542,0.4885599,0.7568765,0.35714287,0.34407407,0.30553168,0.07955246,0.75,0.0,0.6243288,0.06896797,0.06761892,0.3113695,0.024209168,0.7660494,0.5739787,0.79605067,0.32436976,0.74865603,0.7371116,0.33619645,0.48204798,0.10611275,0.10611275,0.28755194,0.28283042,0.31738484,0.3289397,0.27878273,0.13178295,0.0,0.32052857,0.55263156,0.5555556,0.9021016,0.95185,0.78263795,0.8715156,0.39285713,0.37648147,0.33753702,0.14114144,0.6875,0.0,0.7393639,0.6676993
8,0.24844098,0.21216092,0.3242894,0.32666236,0.55119866,0.45176795,0.43614304,0.51736695,0.39616826,0.24581769,0.8043331,0.49696591,0.25335956,0.25335956,0.68078095,0.6735718,0.671471,0.6733932,0.26009917,0.14082687,0.0,0.30331898,0.67836255,0.7546296,1.0,0.9401926,0.5957829,0.7700757,0.27232143,0.25200617,0.25150472,0.0,0.8003472,0.0,0.14973152,0.18047191,0.138645,0.166882,0.2383258,0.65302783,0.5233436,0.5044209,0.31708685,0.53048307,0.3731974,0.8291272,0.48262045,0.24852507,0.24852507,0.58554316,0.561486,0.61297673,0.6705354,0.20743603,0.04005168,0.0,0.70590043,0.7368421,1.0,0.96672505,0.8109478,0.26917902,0.57670295,0.32142857,0.3074074,0.30572274,0.0,0.875,0.0,0.5834366,0.09893678,0.06748788,0.37833765,0.08553906,0.8102459,0.67155856,0.7006582,0.43767506,0.5749601,0.43969175,0.7464801,0.5060918,0.21468371,0.21468371,0.47064885,0.47471333,0.46458644,0.51551384,0.14754307,0.04263566,0.0,0.31591886,0.0,0.0,0.0,0.0,0.0,0.0,0.0,0.0,0.0,0.0,0.0,0.0,0.7581578,0.11886431,0.09317259,0.16860466,0.20281902,0.8278396,0.6767937,0.7542489,0.5714286,0.59212935,0.47619048,0.77363557,0.6329447,0.19198623,0.19198623,0.47577715,0.47148973,0.44507182,0.63070107,0.19424237,0.089147285,0.0,0.49723417,0.78289473,0.6666667,0.8700525,0.9358844,0.58176315,0.8523168,0.25892857,0.24523148,0.22441961,0.034079246,0.6927083,0.0,0.54378355,0.0716791,0.055038657,0.18561585,0.116204,0.90212524,0.6942156,0.94714606,0.4152661,0.61899036,0.5786958,0.25487766,0.4971006,0.116027534,0.116027534,0.32298067,0.3150663,0.31421494,0.3408375,0.4391812,0.15116279,0.5,0.5436386,0.7245614,0.6666667,0.88371277,1.0,0.6473755,0.84973234,0.30357143,0.29,0.2642591,0.047012933,0.75,0.0,0.66646016,0.048473373,0.03197484,0.32536605,0.11609641,0.9162021,0.7147271,0.87857354,0.39159665,0.7397703,0.7323319,0.5981582,0.59694636,0.070140935,0.070140935,0.3164518,0.3046557,0.35438335,0.30508575,0.23830302,0.24289405,0.0,0.33497235,0.6105263,0.8333333,0.8590193,0.9447542,0.4885599,0.7568765,0.35714287,0.34407407,0.30553168,0.07955246,0.75,0.0,0.6243288,0.06896797,0.06761892,0.3113695,0.024209168,0.7660494,0.5739787,0.79605067,0.32436976,0.74865603,0.7371116,0.33619645,0.48204798,0.10611275,0.10611275,0.28755194,0.28283042,0.31738484,0.3289397,0.27878273,0.13178295,0.0,0.32052857,0.55263156,0.5555556,0.9021016,0.95185,0.78263795,0.8715156,0.39285713,0.37648147,0.33753702,0.14114144,0.6875,0.0,0.7393639,0.052529242,0.05425239,0.37209302,0.036152355,0.9458559,0.7255407,0.9263189,0.42436975,0.97970176,0.94132566,0.70574695,0.57822317,0.057604063,0.057604063,0.25017464,0.2644401,0.29182765,0.20541234,0.48224625,0.37209302,0.0,0.65888137,0.56403506,0.6527778,0.84378284,0.93258995,0.602288,0.8069042,0.39285713,0.39425927,0.36772713,0.0,0.6875,0.0,0.6676993,1.0
9,0.18047191,0.138645,0.166882,0.2383258,0.65302783,0.5233436,0.5044209,0.31708685,0.53048307,0.3731974,0.8291272,0.48262045,0.24852507,0.24852507,0.58554316,0.561486,0.61297673,0.6705354,0.20743603,0.04005168,0.0,0.70590043,0.7368421,1.0,0.96672505,0.8109478,0.26917902,0.57670295,0.32142857,0.3074074,0.30572274,0.0,0.875,0.0,0.5834366,0.09893678,0.06748788,0.37833765,0.08553906,0.8102459,0.67155856,0.7006582,0.43767506,0.5749601,0.43969175,0.7464801,0.5060918,0.21468371,0.21468371,0.47064885,0.47471333,0.46458644,0.51551384,0.14754307,0.04263566,0.0,0.31591886,0.0,0.0,0.0,0.0,0.0,0.0,0.0,0.0,0.0,0.0,0.0,0.0,0.7581578,0.11886431,0.09317259,0.16860466,0.20281902,0.8278396,0.6767937,0.7542489,0.5714286,0.59212935,0.47619048,0.77363557,0.6329447,0.19198623,0.19198623,0.47577715,0.47148973,0.44507182,0.63070107,0.19424237,0.089147285,0.0,0.49723417,0.78289473,0.6666667,0.8700525,0.9358844,0.58176315,0.8523168,0.25892857,0.24523148,0.22441961,0.034079246,0.6927083,0.0,0.54378355,0.0716791,0.055038657,0.18561585,0.116204,0.90212524,0.6942156,0.94714606,0.4152661,0.61899036,0.5786958,0.25487766,0.4971006,0.116027534,0.116027534,0.32298067,0.3150663,0.31421494,0.3408375,0.4391812,0.15116279,0.5,0.5436386,0.7245614,0.6666667,0.88371277,1.0,0.6473755,0.84973234,0.30357143,0.29,0.2642591,0.047012933,0.75,0.0,0.66646016,0.048473373,0.03197484,0.32536605,0.11609641,0.9162021,0.7147271,0.87857354,0.39159665,0.7397703,0.7323319,0.5981582,0.59694636,0.070140935,0.070140935,0.3164518,0.3046557,0.35438335,0.30508575,0.23830302,0.24289405,0.0,0.33497235,0.6105263,0.8333333,0.8590193,0.9447542,0.4885599,0.7568765,0.35714287,0.34407407,0.30553168,0.07955246,0.75,0.0,0.6243288,0.06896797,0.06761892,0.3113695,0.024209168,0.7660494,0.5739787,0.79605067,0.32436976,0.74865603,0.7371116,0.33619645,0.48204798,0.10611275,0.10611275,0.28755194,0.28283042,0.31738484,0.3289397,0.27878273,0.13178295,0.0,0.32052857,0.55263156,0.5555556,0.9021016,0.95185,0.78263795,0.8715156,0.39285713,0.37648147,0.33753702,0.14114144,0.6875,0.0,0.7393639,0.052529242,0.05425239,0.37209302,0.036152355,0.9458559,0.7255407,0.9263189,0.42436975,0.97970176,0.94132566,0.70574695,0.57822317,0.057604063,0.057604063,0.25017464,0.2644401,0.29182765,0.20541234,0.48224625,0.37209302,0.0,0.65888137,0.56403506,0.6527778,0.84378284,0.93258995,0.602288,0.8069042,0.39285713,0.39425927,0.36772713,0.0,0.6875,0.0,0.6676993,0.0338157,0.034595728,0.33074936,0.12846997,0.8008742,0.55870235,0.9519599,0.22605042,1.0,1.0,0.7125653,0.66793287,0.068911836,0.068911836,0.07233943,0.09163452,0.14264487,0.0,0.32647455,0.3488372,1.0,0.45236632,0.57631576,0.7777778,0.78231174,0.8459199,0.5672948,0.68081963,0.41964287,0.41342592,0.3947645,0.0,0.7291667,0.0,1.0,0.2889302
10,0.09893678,0.06748788,0.37833765,0.08553906,0.8102459,0.67155856,0.7006582,0.43767506,0.5749601,0.43969175,0.7464801,0.5060918,0.21468371,0.21468371,0.47064885,0.47471333,0.46458644,0.51551384,0.14754307,0.04263566,0.0,0.31591886,0.0,0.0,0.0,0.0,0.0,0.0,0.0,0.0,0.0,0.0,0.0,0.0,0.7581578,0.11886431,0.09317259,0.16860466,0.20281902,0.8278396,0.6767937,0.7542489,0.5714286,0.59212935,0.47619048,0.77363557,0.6329447,0.19198623,0.19198623,0.47577715,0.47148973,0.44507182,0.63070107,0.19424237,0.089147285,0.0,0.49723417,0.78289473,0.6666667,0.8700525,0.9358844,0.58176315,0.8523168,0.25892857,0.24523148,0.22441961,0.034079246,0.6927083,0.0,0.54378355,0.0716791,0.055038657,0.18561585,0.116204,0.90212524,0.6942156,0.94714606,0.4152661,0.61899036,0.5786958,0.25487766,0.4971006,0.116027534,0.116027534,0.32298067,0.3150663,0.31421494,0.3408375,0.4391812,0.15116279,0.5,0.5436386,0.7245614,0.6666667,0.88371277,1.0,0.6473755,0.84973234,0.30357143,0.29,0.2642591,0.047012933,0.75,0.0,0.66646016,0.048473373,0.03197484,0.32536605,0.11609641,0.9162021,0.7147271,0.87857354,0.39159665,0.7397703,0.7323319,0.5981582,0.59694636,0.070140935,0.070140935,0.3164518,0.3046557,0.35438335,0.30508575,0.23830302,0.24289405,0.0,0.33497235,0.6105263,0.8333333,0.8590193,0.9447542,0.4885599,0.7568765,0.35714287,0.34407407,0.30553168,0.07955246,0.75,0.0,0.6243288,0.06896797,0.06761892,0.3113695,0.024209168,0.7660494,0.5739787,0.79605067,0.32436976,0.74865603,0.7371116,0.33619645,0.48204798,0.10611275,0.10611275,0.28755194,0.28283042,0.31738484,0.3289397,0.27878273,0.13178295,0.0,0.32052857,0.55263156,0.5555556,0.9021016,0.95185,0.78263795,0.8715156,0.39285713,0.37648147,0.33753702,0.14114144,0.6875,0.0,0.7393639,0.052529242,0.05425239,0.37209302,0.036152355,0.9458559,0.7255407,0.9263189,0.42436975,0.97970176,0.94132566,0.70574695,0.57822317,0.057604063,0.057604063,0.25017464,0.2644401,0.29182765,0.20541234,0.48224625,0.37209302,0.0,0.65888137,0.56403506,0.6527778,0.84378284,0.93258995,0.602288,0.8069042,0.39285713,0.39425927,0.36772713,0.0,0.6875,0.0,0.6676993,0.0338157,0.034595728,0.33074936,0.12846997,0.8008742,0.55870235,0.9519599,0.22605042,1.0,1.0,0.7125653,0.66793287,0.068911836,0.068911836,0.07233943,0.09163452,0.14264487,0.0,0.32647455,0.3488372,1.0,0.45236632,0.57631576,0.7777778,0.78231174,0.8459199,0.5672948,0.68081963,0.41964287,0.41342592,0.3947645,0.0,0.7291667,0.0,1.0,0.037480194,0.035381995,0.3139535,0.19044545,0.9463094,0.7245108,0.91482466,0.4630252,0.81071234,0.81344193,0.7378907,0.49497908,0.025483448,0.025483448,0.22240798,0.23273265,0.23090638,0.3016447,0.1672855,0.07751938,0.0,0.4763368,0.46052632,0.625,0.8248687,0.90268624,0.69650066,0.7566919,0.45535713,0.43824074,0.4203688,0.0,0.6770833,0.0,0.2889302,0.7748864
11,0.11886431,0.09317259,0.16860466,0.20281902,0.8278396,0.6767937,0.7542489,0.5714286,0.59212935,0.47619048,0.77363557,0.6329447,0.19198623,0.19198623,0.47577715,0.47148973,0.44507182,0.63070107,0.19424237,0.089147285,0.0,0.49723417,0.78289473,0.6666667,0.8700525,0.9358844,0.58176315,0.8523168,0.25892857,0.24523148,0.22441961,0.034079246,0.6927083,0.0,0.54378355,0.0716791,0.055038657,0.18561585,0.116204,0.90212524,0.6942156,0.94714606,0.4152661,0.61899036,0.5786958,0.25487766,0.4971006,0.116027534,0.116027534,0.32298067,0.3150663,0.31421494,0.3408375,0.4391812,0.15116279,0.5,0.5436386,0.7245614,0.6666667,0.88371277,1.0,0.6473755,0.84973234,0.30357143,0.29,0.2642591,0.047012933,0.75,0.0,0.66646016,0.048473373,0.03197484,0.32536605,0.11609641,0.9162021,0.7147271,0.87857354,0.39159665,0.7397703,0.7323319,0.5981582,0.59694636,0.070140935,0.070140935,0.3164518,0.3046557,0.35438335,0.30508575,0.23830302,0.24289405,0.0,0.33497235,0.6105263,0.8333333,0.8590193,0.9447542,0.4885599,0.7568765,0.35714287,0.34407407,0.30553168,0.07955246,0.75,0.0,0.6243288,0.06896797,0.06761892,0.3113695,0.024209168,0.7660494,0.5739787,0.79605067,0.32436976,0.74865603,0.7371116,0.33619645,0.48204798,0.10611275,0.10611275,0.28755194,0.28283042,0.31738484,0.3289397,0.27878273,0.13178295,0.0,0.32052857,0.55263156,0.5555556,0.9021016,0.95185,0.78263795,0.8715156,0.39285713,0.37648147,0.33753702,0.14114144,0.6875,0.0,0.7393639,0.052529242,0.05425239,0.37209302,0.036152355,0.9458559,0.7255407,0.9263189,0.42436975,0.97970176,0.94132566,0.70574695,0.57822317,0.057604063,0.057604063,0.25017464,0.2644401,0.29182765,0.20541234,0.48224625,0.37209302,0.0,0.65888137,0.56403506,0.6527778,0.84378284,0.93258995,0.602288,0.8069042,0.39285713,0.39425927,0.36772713,0.0,0.6875,0.0,0.6676993,0.0338157,0.034595728,0.33074936,0.12846997,0.8008742,0.55870235,0.9519599,0.22605042,1.0,1.0,0.7125653,0.66793287,0.068911836,0.068911836,0.07233943,0.09163452,0.14264487,0.0,0.32647455,0.3488372,1.0,0.45236632,0.57631576,0.7777778,0.78231174,0.8459199,0.5672948,0.68081963,0.41964287,0.41342592,0.3947645,0.0,0.7291667,0.0,1.0,0.037480194,0.035381995,0.3139535,0.19044545,0.9463094,0.7245108,0.91482466,0.4630252,0.81071234,0.81344193,0.7378907,0.49497908,0.025483448,0.025483448,0.22240798,0.23273265,0.23090638,0.3016447,0.1672855,0.07751938,0.0,0.4763368,0.46052632,0.625,0.8248687,0.90268624,0.69650066,0.7566919,0.45535713,0.43824074,0.4203688,0.0,0.6770833,0.0,0.2889302,0.0,0.003145066,0.25581396,0.054228533,0.9857117,0.7476828,0.8974359,0.6554622,0.93721837,0.8783105,0.49632517,0.7530964,0.0,0.0,0.20136222,0.20324473,0.20683506,0.14662312,0.36951616,0.08527132,0.0,0.5482483,0.30789474,0.5833333,0.7497373,0.85960466,0.51278603,0.71829426,0.45535713,0.44435185,0.43297985,0.0,0.6875,0.0,0.7748864,0.5417183
12,0.0716791,0.055038657,0.18561585,0.116204,0.90212524,0.6942156,0.94714606,0.4152661,0.61899036,0.5786958,0.25487766,0.4971006,0.116027534,0.116027534,0.32298067,0.3150663,0.31421494,0.3408375,0.4391812,0.15116279,0.5,0.5436386,0.7245614,0.6666667,0.88371277,1.0,0.6473755,0.84973234,0.30357143,0.29,0.2642591,0.047012933,0.75,0.0,0.66646016,0.048473373,0.03197484,0.32536605,0.11609641,0.9162021,0.7147271,0.87857354,0.39159665,0.7397703,0.7323319,0.5981582,0.59694636,0.070140935,0.070140935,0.3164518,0.3046557,0.35438335,0.30508575,0.23830302,0.24289405,0.0,0.33497235,0.6105263,0.8333333,0.8590193,0.9447542,0.4885599,0.7568765,0.35714287,0.34407407,0.30553168,0.07955246,0.75,0.0,0.6243288,0.06896797,0.06761892,0.3113695,0.024209168,0.7660494,0.5739787,0.79605067,0.32436976,0.74865603,0.7371116,0.33619645,0.48204798,0.10611275,0.10611275,0.28755194,0.28283042,0.31738484,0.3289397,0.27878273,0.13178295,0.0,0.32052857,0.55263156,0.5555556,0.9021016,0.95185,0.78263795,0.8715156,0.39285713,0.37648147,0.33753702,0.14114144,0.6875,0.0,0.7393639,0.052529242,0.05425239,0.37209302,0.036152355,0.9458559,0.7255407,0.9263189,0.42436975,0.97970176,0.94132566,0.70574695,0.57822317,0.057604063,0.057604063,0.25017464,0.2644401,0.29182765,0.20541234,0.48224625,0.37209302,0.0,0.65888137,0.56403506,0.6527778,0.84378284,0.93258995,0.602288,0.8069042,0.39285713,0.39425927,0.36772713,0.0,0.6875,0.0,0.6676993,0.0338157,0.034595728,0.33074936,0.12846997,0.8008742,0.55870235,0.9519599,0.22605042,1.0,1.0,0.7125653,0.66793287,0.068911836,0.068911836,0.07233943,0.09163452,0.14264487,0.0,0.32647455,0.3488372,1.0,0.45236632,0.57631576,0.7777778,0.78231174,0.8459199,0.5672948,0.68081963,0.41964287,0.41342592,0.3947645,0.0,0.7291667,0.0,1.0,0.037480194,0.035381995,0.3139535,0.19044545,0.9463094,0.7245108,0.91482466,0.4630252,0.81071234,0.81344193,0.7378907,0.49497908,0.025483448,0.025483448,0.22240798,0.23273265,0.23090638,0.3016447,0.1672855,0.07751938,0.0,0.4763368,0.46052632,0.625,0.8248687,0.90268624,0.69650066,0.7566919,0.45535713,0.43824074,0.4203688,0.0,0.6770833,0.0,0.2889302,0.0,0.003145066,0.25581396,0.054228533,0.9857117,0.7476828,0.8974359,0.6554622,0.93721837,0.8783105,0.49632517,0.7530964,0.0,0.0,0.20136222,0.20324473,0.20683506,0.14662312,0.36951616,0.08527132,0.0,0.5482483,0.30789474,0.5833333,0.7497373,0.85960466,0.51278603,0.71829426,0.45535713,0.44435185,0.43297985,0.0,0.6875,0.0,0.7748864,0.0068365266,0.0,0.29198965,0.0,0.7883873,0.54479915,0.8514589,0.36638656,0.57151324,0.60274106,0.15514036,0.4419817,0.07096034,0.07096034,0.14214993,0.14363474,0.258841,0.03359384,0.053949807,0.0,0.0,0.40258142,0.0,0.0,0.0,0.0,0.0,0.0,0.0,0.0,0.0,0.0,0.0,0.0,0.5417183,0.4630318
13,0.048473373,0.03197484,0.32536605,0.11609641,0.9162021,0.7147271,0.87857354,0.39159665,0.7397703,0.7323319,0.5981582,0.59694636,0.070140935,0.070140935,0.3164518,0.3046557,0.35438335,0.30508575,0.23830302,0.24289405,0.0,0.33497235,0.6105263,0.8333333,0.8590193,0.9447542,0.4885599,0.7568765,0.35714287,0.34407407,0.30553168,0.07955246,0.75,0.0,0.6243288,0.06896797,0.06761892,0.3113695,0.024209168,0.7660494,0.5739787,0.79605067,0.32436976,0.74865603,0.7371116,0.33619645,0.48204798,0.10611275,0.10611275,0.28755194,0.28283042,0.31738484,0.3289397,0.27878273,0.13178295,0.0,0.32052857,0.55263156,0.5555556,0.9021016,0.95185,0.78263795,0.8715156,0.39285713,0.37648147,0.33753702,0.14114144,0.6875,0.0,0.7393639,0.052529242,0.05425239,0.37209302,0.036152355,0.9458559,0.7255407,0.9263189,0.42436975,0.97970176,0.94132566,0.70574695,0.57822317,0.057604063,0.057604063,0.25017464,0.2644401,0.29182765,0.20541234,0.48224625,0.37209302,0.0,0.65888137,0.56403506,0.6527778,0.84378284,0.93258995,0.602288,0.8069042,0.39285713,0.39425927,0.36772713,0.0,0.6875,0.0,0.6676993,0.0338157,0.034595728,0.33074936,0.12846997,0.8008742,0.55870235,0.9519599,0.22605042,1.0,1.0,0.7125653,0.66793287,0.068911836,0.068911836,0.07233943,0.09163452,0.14264487,0.0,0.32647455,0.3488372,1.0,0.45236632,0.57631576,0.7777778,0.78231174,0.8459199,0.5672948,0.68081963,0.41964287,0.41342592,0.3947645,0.0,0.7291667,0.0,1.0,0.037480194,0.035381995,0.3139535,0.19044545,0.9463094,0.7245108,0.91482466,0.4630252,0.81071234,0.81344193,0.7378907,0.49497908,0.025483448,0.025483448,0.22240798,0.23273265,0.23090638,0.3016447,0.1672855,0.07751938,0.0,0.4763368,0.46052632,0.625,0.8248687,0.90268624,0.69650066,0.7566919,0.45535713,0.43824074,0.4203688,0.0,0.6770833,0.0,0.2889302,0.0,0.003145066,0.25581396,0.054228533,0.9857117,0.7476828,0.8974359,0.6554622,0.93721837,0.8783105,0.49632517,0.7530964,0.0,0.0,0.20136222,0.20324473,0.20683506,0.14662312,0.36951616,0.08527132,0.0,0.5482483,0.30789474,0.5833333,0.7497373,0.85960466,0.51278603,0.71829426,0.45535713,0.44435185,0.43297985,0.0,0.6875,0.0,0.7748864,0.0068365266,0.0,0.29198965,0.0,0.7883873,0.54479915,0.8514589,0.36638656,0.57151324,0.60274106,0.15514036,0.4419817,0.07096034,0.07096034,0.14214993,0.14363474,0.258841,0.03359384,0.053949807,0.0,0.0,0.40258142,0.0,0.0,0.0,0.0,0.0,0.0,0.0,0.0,0.0,0.0,0.0,0.0,0.5417183,0.041347466,0.030664396,0.25839794,0.3227889,0.796697,0.6045314,0.89949894,0.18907563,0.86220074,0.7840316,0.69450104,0.57434386,0.041461814,0.041461814,0.074181765,0.07482957,0.0,0.12247755,0.14011954,0.093023255,0.0,0.39151815,0.0,0.0,0.0,0.0,0.0,0.0,0.0,0.0,0.0,0.0,0.0,0.0,0.4630318,0.42234614
14,0.06896797,0.06761892,0.3113695,0.024209168,0.7660494,0.5739787,0.79605067,0.32436976,0.74865603,0.7371116,0.33619645,0.48204798,0.10611275,0.10611275,0.28755194,0.28283042,0.31738484,0.3289397,0.27878273,0.13178295,0.0,0.32052857,0.55263156,0.5555556,0.9021016,0.95185,0.78263795,0.8715156,0.39285713,0.37648147,0.33753702,0.14114144,0.6875,0.0,0.7393639,0.052529242,0.05425239,0.37209302,0.036152355,0.9458559,0.7255407,0.9263189,0.42436975,0.97970176,0.94132566,0.70574695,0.57822317,0.057604063,0.057604063,0.25017464,0.2644401,0.29182765,0.20541234,0.48224625,0.37209302,0.0,0.65888137,0.56403506,0.6527778,0.84378284,0.93258995,0.602288,0.8069042,0.39285713,0.39425927,0.36772713,0.0,0.6875,0.0,0.6676993,0.0338157,0.034595728,0.33074936,0.12846997,0.8008742,0.55870235,0.9519599,0.22605042,1.0,1.0,0.7125653,0.66793287,0.068911836,0.068911836,0.07233943,0.09163452,0.14264487,0.0,0.32647455,0.3488372,1.0,0.45236632,0.57631576,0.7777778,0.78231174,0.8459199,0.5672948,0.68081963,0.41964287,0.41342592,0.3947645,0.0,0.7291667,0.0,1.0,0.037480194,0.035381995,0.3139535,0.19044545,0.9463094,0.7245108,0.91482466,0.4630252,0.81071234,0.81344193,0.7378907,0.49497908,0.025483448,0.025483448,0.22240798,0.23273265,0.23090638,0.3016447,0.1672855,0.07751938,0.0,0.4763368,0.46052632,0.625,0.8248687,0.90268624,0.69650066,0.7566919,0.45535713,0.43824074,0.4203688,0.0,0.6770833,0.0,0.2889302,0.0,0.003145066,0.25581396,0.054228533,0.9857117,0.7476828,0.8974359,0.6554622,0.93721837,0.8783105,0.49632517,0.7530964,0.0,0.0,0.20136222,0.20324473,0.20683506,0.14662312,0.36951616,0.08527132,0.0,0.5482483,0.30789474,0.5833333,0.7497373,0.85960466,0.51278603,0.71829426,0.45535713,0.44435185,0.43297985,0.0,0.6875,0.0,0.7748864,0.0068365266,0.0,0.29198965,0.0,0.7883873,0.54479915,0.8514589,0.36638656,0.57151324,0.60274106,0.15514036,0.4419817,0.07096034,0.07096034,0.14214993,0.14363474,0.258841,0.03359384,0.053949807,0.0,0.0,0.40258142,0.0,0.0,0.0,0.0,0.0,0.0,0.0,0.0,0.0,0.0,0.0,0.0,0.5417183,0.041347466,0.030664396,0.25839794,0.3227889,0.796697,0.6045314,0.89949894,0.18907563,0.86220074,0.7840316,0.69450104,0.57434386,0.041461814,0.041461814,0.074181765,0.07482957,0.0,0.12247755,0.14011954,0.093023255,0.0,0.39151815,0.0,0.0,0.0,0.0,0.0,0.0,0.0,0.0,0.0,0.0,0.0,0.0,0.4630318,0.043409046,0.06526012,0.2984496,0.013557133,0.9059235,0.67198765,1.0,0.37563026,0.61539716,0.6678047,0.2920393,0.38866103,0.015240905,0.015240905,0.26138696,0.306611,0.29034176,0.20191298,0.03599778,0.08527132,0.0,0.170252,0.42309943,0.5277778,0.86952716,0.8028383,0.8983849,0.7925051,0.5,0.49074075,0.48724562,0.30445492,0.6145833,0.0,0.42234614,0.40912846
15,0.052529242,0.05425239,0.37209302,0.036152355,0.9458559,0.7255407,0.9263189,0.42436975,0.97970176,0.94132566,0.70574695,0.57822317,0.057604063,0.057604063,0.25017464,0.2644401,0.29182765,0.20541234,0.48224625,0.37209302,0.0,0.65888137,0.56403506,0.6527778,0.84378284,0.93258995,0.602288,0.8069042,0.39285713,0.39425927,0.36772713,0.0,0.6875,0.0,0.6676993,0.0338157,0.034595728,0.33074936,0.12846997,0.8008742,0.55870235,0.9519599,0.22605042,1.0,1.0,0.7125653,0.66793287,0.068911836,0.068911836,0.07233943,0.09163452,0.14264487,0.0,0.32647455,0.3488372,1.0,0.45236632,0.57631576,0.7777778,0.78231174,0.8459199,0.5672948,0.68081963,0.41964287,0.41342592,0.3947645,0.0,0.7291667,0.0,1.0,0.037480194,0.035381995,0.3139535,0.19044545,0.9463094,0.7245108,0.91482466,0.4630252,0.81071234,0.81344193,0.7378907,0.49497908,0.025483448,0.025483448,0.22240798,0.23273265,0.23090638,0.3016447,0.1672855,0.07751938,0.0,0.4763368,0.46052632,0.625,0.8248687,0.90268624,0.69650066,0.7566919,0.45535713,0.43824074,0.4203688,0.0,0.6770833,0.0,0.2889302,0.0,0.003145066,0.25581396,0.054228533,0.9857117,0.7476828,0.8974359,0.6554622,0.93721837,0.8783105,0.49632517,0.7530964,0.0,0.0,0.20136222,0.20324473,0.20683506,0.14662312,0.36951616,0.08527132,0.0,0.5482483,0.30789474,0.5833333,0.7497373,0.85960466,0.51278603,0.71829426,0.45535713,0.44435185,0.43297985,0.0,0.6875,0.0,0.7748864,0.0068365266,0.0,0.29198965,0.0,0.7883873,0.54479915,0.8514589,0.36638656,0.57151324,0.60274106,0.15514036,0.4419817,0.07096034,0.07096034,0.14214993,0.14363474,0.258841,0.03359384,0.053949807,0.0,0.0,0.40258142,0.0,0.0,0.0,0.0,0.0,0.0,0.0,0.0,0.0,0.0,0.0,0.0,0.5417183,0.041347466,0.030664396,0.25839794,0.3227889,0.796697,0.6045314,0.89949894,0.18907563,0.86220074,0.7840316,0.69450104,0.57434386,0.041461814,0.041461814,0.074181765,0.07482957,0.0,0.12247755,0.14011954,0.093023255,0.0,0.39151815,0.0,0.0,0.0,0.0,0.0,0.0,0.0,0.0,0.0,0.0,0.0,0.0,0.4630318,0.043409046,0.06526012,0.2984496,0.013557133,0.9059235,0.67198765,1.0,0.37563026,0.61539716,0.6678047,0.2920393,0.38866103,0.015240905,0.015240905,0.26138696,0.306611,0.29034176,0.20191298,0.03599778,0.08527132,0.0,0.170252,0.42309943,0.5277778,0.86952716,0.8028383,0.8983849,0.7925051,0.5,0.49074075,0.48724562,0.30445492,0.6145833,0.0,0.42234614,0.05744903,0.036954526,0.3255814,0.14654616,0.71124023,0.43254375,0.92012966,0.24117647,0.6122371,0.63039553,0.68821394,0.66092175,0.20960341,0.20960341,0.0,0.0,0.029123329,0.1991135,1.0,1.0,0.0,0.48371235,0.25877193,0.6805556,0.8175131,0.7207298,0.72207266,0.75927633,0.53571427,0.537037,0.52230823,0.311435,0.5833333,0.0,0.40912846,0.523957
16,0.0338157,0.034595728,0.33074936,0.12846997,0.8008742,0.55870235,0.9519599,0.22605042,1.0,1.0,0.7125653,0.66793287,0.068911836,0.068911836,0.07233943,0.09163452,0.14264487,0.0,0.32647455,0.3488372,1.0,0.45236632,0.57631576,0.7777778,0.78231174,0.8459199,0.5672948,0.68081963,0.41964287,0.41342592,0.3947645,0.0,0.7291667,0.0,1.0,0.037480194,0.035381995,0.3139535,0.19044545,0.9463094,0.7245108,0.91482466,0.4630252,0.81071234,0.81344193,0.7378907,0.49497908,0.025483448,0.025483448,0.22240798,0.23273265,0.23090638,0.3016447,0.1672855,0.07751938,0.0,0.4763368,0.46052632,0.625,0.8248687,0.90268624,0.69650066,0.7566919,0.45535713,0.43824074,0.4203688,0.0,0.6770833,0.0,0.2889302,0.0,0.003145066,0.25581396,0.054228533,0.9857117,0.7476828,0.8974359,0.6554622,0.93721837,0.8783105,0.49632517,0.7530964,0.0,0.0,0.20136222,0.20324473,0.20683506,0.14662312,0.36951616,0.08527132,0.0,0.5482483,0.30789474,0.5833333,0.7497373,0.85960466,0.51278603,0.71829426,0.45535713,0.44435185,0.43297985,0.0,0.6875,0.0,0.7748864,0.0068365266,0.0,0.29198965,0.0,0.7883873,0.54479915,0.8514589,0.36638656,0.57151324,0.60274106,0.15514036,0.4419817,0.07096034,0.07096034,0.14214993,0.14363474,0.258841,0.03359384,0.053949807,0.0,0.0,0.40258142,0.0,0.0,0.0,0.0,0.0,0.0,0.0,0.0,0.0,0.0,0.0,0.0,0.5417183,0.041347466,0.030664396,0.25839794,0.3227889,0.796697,0.6045314,0.89949894,0.18907563,0.86220074,0.7840316,0.69450104,0.57434386,0.041461814,0.041461814,0.074181765,0.07482957,0.0,0.12247755,0.14011954,0.093023255,0.0,0.39151815,0.0,0.0,0.0,0.0,0.0,0.0,0.0,0.0,0.0,0.0,0.0,0.0,0.4630318,0.043409046,0.06526012,0.2984496,0.013557133,0.9059235,0.67198765,1.0,0.37563026,0.61539716,0.6678047,0.2920393,0.38866103,0.015240905,0.015240905,0.26138696,0.306611,0.29034176,0.20191298,0.03599778,0.08527132,0.0,0.170252,0.42309943,0.5277778,0.86952716,0.8028383,0.8983849,0.7925051,0.5,0.49074075,0.48724562,0.30445492,0.6145833,0.0,0.42234614,0.05744903,0.036954526,0.3255814,0.14654616,0.71124023,0.43254375,0.92012966,0.24117647,0.6122371,0.63039553,0.68821394,0.66092175,0.20960341,0.20960341,0.0,0.0,0.029123329,0.1991135,1.0,1.0,0.0,0.48371235,0.25877193,0.6805556,0.8175131,0.7207298,0.72207266,0.75927633,0.53571427,0.537037,0.52230823,0.311435,0.5833333,0.0,0.40912846,0.06327649,0.041672125,0.33074936,0.09425436,0.7160689,0.4577755,0.8968465,0.0,0.69444305,0.6773643,0.09448331,1.0,0.2008358,0.2008358,0.04886964,0.05453681,0.10222883,0.01679692,0.5033994,0.15503876,0.0,0.59434545,0.5710526,0.5833333,0.87110335,0.7709072,1.0,0.76592207,0.5625,0.5555556,0.55727524,0.35239172,0.6458333,0.0,0.523957,0.26786453
17,0.037480194,0.035381995,0.3139535,0.19044545,0.9463094,0.7245108,0.91482466,0.4630252,0.81071234,0.81344193,0.7378907,0.49497908,0.025483448,0.025483448,0.22240798,0.23273265,0.23090638,0.3016447,0.1672855,0.07751938,0.0,0.4763368,0.46052632,0.625,0.8248687,0.90268624,0.69650066,0.7566919,0.45535713,0.43824074,0.4203688,0.0,0.6770833,0.0,0.2889302,0.0,0.003145066,0.25581396,0.054228533,0.9857117,0.7476828,0.8974359,0.6554622,0.93721837,0.8783105,0.49632517,0.7530964,0.0,0.0,0.20136222,0.20324473,0.20683506,0.14662312,0.36951616,0.08527132,0.0,0.5482483,0.30789474,0.5833333,0.7497373,0.85960466,0.51278603,0.71829426,0.45535713,0.44435185,0.43297985,0.0,0.6875,0.0,0.7748864,0.0068365266,0.0,0.29198965,0.0,0.7883873,0.54479915,0.8514589,0.36638656,0.57151324,0.60274106,0.15514036,0.4419817,0.07096034,0.07096034,0.14214993,0.14363474,0.258841,0.03359384,0.053949807,0.0,0.0,0.40258142,0.0,0.0,0.0,0.0,0.0,0.0,0.0,0.0,0.0,0.0,0.0,0.0,0.5417183,0.041347466,0.030664396,0.25839794,0.3227889,0.796697,0.6045314,0.89949894,0.18907563,0.86220074,0.7840316,0.69450104,0.57434386,0.041461814,0.041461814,0.074181765,0.07482957,0.0,0.12247755,0.14011954,0.093023255,0.0,0.39151815,0.0,0.0,0.0,0.0,0.0,0.0,0.0,0.0,0.0,0.0,0.0,0.0,0.4630318,0.043409046,0.06526012,0.2984496,0.013557133,0.9059235,0.67198765,1.0,0.37563026,0.61539716,0.6678047,0.2920393,0.38866103,0.015240905,0.015240905,0.26138696,0.306611,0.29034176,0.20191298,0.03599778,0.08527132,0.0,0.170252,0.42309943,0.5277778,0.86952716,0.8028383,0.8983849,0.7925051,0.5,0.49074075,0.48724562,0.30445492,0.6145833,0.0,0.42234614,0.05744903,0.036954526,0.3255814,0.14654616,0.71124023,0.43254375,0.92012966,0.24117647,0.6122371,0.63039553,0.68821394,0.66092175,0.20960341,0.20960341,0.0,0.0,0.029123329,0.1991135,1.0,1.0,0.0,0.48371235,0.25877193,0.6805556,0.8175131,0.7207298,0.72207266,0.75927633,0.53571427,0.537037,0.52230823,0.311435,0.5833333,0.0,0.40912846,0.06327649,0.041672125,0.33074936,0.09425436,0.7160689,0.4577755,0.8968465,0.0,0.69444305,0.6773643,0.09448331,1.0,0.2008358,0.2008358,0.04886964,0.05453681,0.10222883,0.01679692,0.5033994,0.15503876,0.0,0.59434545,0.5710526,0.5833333,0.87110335,0.7709072,1.0,0.76592207,0.5625,0.5555556,0.55727524,0.35239172,0.6458333,0.0,0.523957,0.09778743,0.08648932,0.34237728,0.12846997,0.76423436,0.5139032,0.9578544,0.1394958,0.691879,0.651612,0.939343,0.47655225,0.24016716,0.24016716,0.057181142,0.08307351,0.04695394,0.16027062,0.56218684,0.19379845,0.0,0.7031346,0.6166667,0.5277778,0.9089317,0.7633046,0.9241812,0.9034521,0.60714287,0.5925926,0.57323015,0.3764114,0.625,0.0,0.26786453,0.31763735
18,0.0,0.003145066,0.25581396,0.054228533,0.9857117,0.7476828,0.8974359,0.6554622,0.93721837,0.8783105,0.49632517,0.7530964,0.0,0.0,0.20136222,0.20324473,0.20683506,0.14662312,0.36951616,0.08527132,0.0,0.5482483,0.30789474,0.5833333,0.7497373,0.85960466,0.51278603,0.71829426,0.45535713,0.44435185,0.43297985,0.0,0.6875,0.0,0.7748864,0.0068365266,0.0,0.29198965,0.0,0.7883873,0.54479915,0.8514589,0.36638656,0.57151324,0.60274106,0.15514036,0.4419817,0.07096034,0.07096034,0.14214993,0.14363474,0.258841,0.03359384,0.053949807,0.0,0.0,0.40258142,0.0,0.0,0.0,0.0,0.0,0.0,0.0,0.0,0.0,0.0,0.0,0.0,0.5417183,0.041347466,0.030664396,0.25839794,0.3227889,0.796697,0.6045314,0.89949894,0.18907563,0.86220074,0.7840316,0.69450104,0.57434386,0.041461814,0.041461814,0.074181765,0.07482957,0.0,0.12247755,0.14011954,0.093023255,0.0,0.39151815,0.0,0.0,0.0,0.0,0.0,0.0,0.0,0.0,0.0,0.0,0.0,0.0,0.4630318,0.043409046,0.06526012,0.2984496,0.013557133,0.9059235,0.67198765,1.0,0.37563026,0.61539716,0.6678047,0.2920393,0.38866103,0.015240905,0.015240905,0.26138696,0.306611,0.29034176,0.20191298,0.03599778,0.08527132,0.0,0.170252,0.42309943,0.5277778,0.86952716,0.8028383,0.8983849,0.7925051,0.5,0.49074075,0.48724562,0.30445492,0.6145833,0.0,0.42234614,0.05744903,0.036954526,0.3255814,0.14654616,0.71124023,0.43254375,0.92012966,0.24117647,0.6122371,0.63039553,0.68821394,0.66092175,0.20960341,0.20960341,0.0,0.0,0.029123329,0.1991135,1.0,1.0,0.0,0.48371235,0.25877193,0.6805556,0.8175131,0.7207298,0.72207266,0.75927633,0.53571427,0.537037,0.52230823,0.311435,0.5833333,0.0,0.40912846,0.06327649,0.041672125,0.33074936,0.09425436,0.7160689,0.4577755,0.8968465,0.0,0.69444305,0.6773643,0.09448331,1.0,0.2008358,0.2008358,0.04886964,0.05453681,0.10222883,0.01679692,0.5033994,0.15503876,0.0,0.59434545,0.5710526,0.5833333,0.87110335,0.7709072,1.0,0.76592207,0.5625,0.5555556,0.55727524,0.35239172,0.6458333,0.0,0.523957,0.09778743,0.08648932,0.34237728,0.12846997,0.76423436,0.5139032,0.9578544,0.1394958,0.691879,0.651612,0.939343,0.47655225,0.24016716,0.24016716,0.057181142,0.08307351,0.04695394,0.16027062,0.56218684,0.19379845,0.0,0.7031346,0.6166667,0.5277778,0.9089317,0.7633046,0.9241812,0.9034521,0.60714287,0.5925926,0.57323015,0.3764114,0.625,0.0,0.26786453,0.17274782,0.12973398,0.44832042,0.36216915,0.8533382,0.67713696,0.97907454,0.18655463,0.82155985,0.8095401,0.68688565,0.86872894,0.27146837,0.27146837,0.16996619,0.16582994,0.09093611,0.30689374,0.40775615,0.30232558,0.0,0.39520591,0.76754385,0.6388889,0.8989492,0.8514952,0.8795424,0.96049476,0.6339286,0.6265741,0.60829276,0.4003285,0.6979167,0.0,0.31763735,0.52746797
19,0.0068365266,0.0,0.29198965,0.0,0.7883873,0.54479915,0.8514589,0.36638656,0.57151324,0.60274106,0.15514036,0.4419817,0.07096034,0.07096034,0.14214993,0.14363474,0.258841,0.03359384,0.053949807,0.0,0.0,0.40258142,0.0,0.0,0.0,0.0,0.0,0.0,0.0,0.0,0.0,0.0,0.0,0.0,0.5417183,0.041347466,0.030664396,0.25839794,0.3227889,0.796697,0.6045314,0.89949894,0.18907563,0.86220074,0.7840316,0.69450104,0.57434386,0.041461814,0.041461814,0.074181765,0.07482957,0.0,0.12247755,0.14011954,0.093023255,0.0,0.39151815,0.0,0.0,0.0,0.0,0.0,0.0,0.0,0.0,0.0,0.0,0.0,0.0,0.4630318,0.043409046,0.06526012,0.2984496,0.013557133,0.9059235,0.67198765,1.0,0.37563026,0.61539716,0.6678047,0.2920393,0.38866103,0.015240905,0.015240905,0.26138696,0.306611,0.29034176,0.20191298,0.03599778,0.08527132,0.0,0.170252,0.42309943,0.5277778,0.86952716,0.8028383,0.8983849,0.7925051,0.5,0.49074075,0.48724562,0.30445492,0.6145833,0.0,0.42234614,0.05744903,0.036954526,0.3255814,0.14654616,0.71124023,0.43254375,0.92012966,0.24117647,0.6122371,0.63039553,0.68821394,0.66092175,0.20960341,0.20960341,0.0,0.0,0.029123329,0.1991135,1.0,1.0,0.0,0.48371235,0.25877193,0.6805556,0.8175131,0.7207298,0.72207266,0.75927633,0.53571427,0.537037,0.52230823,0.311435,0.5833333,0.0,0.40912846,0.06327649,0.041672125,0.33074936,0.09425436,0.7160689,0.4577755,0.8968465,0.0,0.69444305,0.6773643,0.09448331,1.0,0.2008358,0.2008358,0.04886964,0.05453681,0.10222883,0.01679692,0.5033994,0.15503876,0.0,0.59434545,0.5710526,0.5833333,0.87110335,0.7709072,1.0,0.76592207,0.5625,0.5555556,0.55727524,0.35239172,0.6458333,0.0,0.523957,0.09778743,0.08648932,0.34237728,0.12846997,0.76423436,0.5139032,0.9578544,0.1394958,0.691879,0.651612,0.939343,0.47655225,0.24016716,0.24016716,0.057181142,0.08307351,0.04695394,0.16027062,0.56218684,0.19379845,0.0,0.7031346,0.6166667,0.5277778,0.9089317,0.7633046,0.9241812,0.9034521,0.60714287,0.5925926,0.57323015,0.3764114,0.625,0.0,0.26786453,0.17274782,0.12973398,0.44832042,0.36216915,0.8533382,0.67713696,0.97907454,0.18655463,0.82155985,0.8095401,0.68688565,0.86872894,0.27146837,0.27146837,0.16996619,0.16582994,0.09093611,0.30689374,0.40775615,0.30232558,0.0,0.39520591,0.76754385,0.6388889,0.8989492,0.8514952,0.8795424,0.96049476,0.6339286,0.6265741,0.60829276,0.4003285,0.6979167,0.0,0.31763735,0.2070077,0.16118464,0.4366925,0.45384118,0.79884946,0.6493306,0.8072502,0.26134455,0.8520625,0.80022436,0.9225184,0.70026064,0.23213701,0.23213701,0.24764763,0.24731807,0.19435364,0.2869474,0.33772162,0.36434108,0.0,0.266134,0.6657895,0.8194444,0.93992996,0.8464268,0.7113055,1.0,0.6785714,0.6666667,0.6465081,0.42424554,0.7604167,0.0,0.52746797,0.48182568
20,0.041347466,0.030664396,0.25839794,0.3227889,0.796697,0.6045314,0.89949894,0.18907563,0.86220074,0.7840316,0.69450104,0.57434386,0.041461814,0.041461814,0.074181765,0.07482957,0.0,0.12247755,0.14011954,0.093023255,0.0,0.39151815,0.0,0.0,0.0,0.0,0.0,0.0,0.0,0.0,0.0,0.0,0.0,0.0,0.4630318,0.043409046,0.06526012,0.2984496,0.013557133,0.9059235,0.67198765,1.0,0.37563026,0.61539716,0.6678047,0.2920393,0.38866103,0.015240905,0.015240905,0.26138696,0.306611,0.29034176,0.20191298,0.03599778,0.08527132,0.0,0.170252,0.42309943,0.5277778,0.86952716,0.8028383,0.8983849,0.7925051,0.5,0.49074075,0.48724562,0.30445492,0.6145833,0.0,0.42234614,0.05744903,0.036954526,0.3255814,0.14654616,0.71124023,0.43254375,0.92012966,0.24117647,0.6122371,0.63039553,0.68821394,0.66092175,0.20960341,0.20960341,0.0,0.0,0.029123329,0.1991135,1.0,1.0,0.0,0.48371235,0.25877193,0.6805556,0.8175131,0.7207298,0.72207266,0.75927633,0.53571427,0.537037,0.52230823,0.311435,0.5833333,0.0,0.40912846,0.06327649,0.041672125,0.33074936,0.09425436,0.7160689,0.4577755,0.8968465,0.0,0.69444305,0.6773643,0.09448331,1.0,0.2008358,0.2008358,0.04886964,0.05453681,0.10222883,0.01679692,0.5033994,0.15503876,0.0,0.59434545,0.5710526,0.5833333,0.87110335,0.7709072,1.0,0.76592207,0.5625,0.5555556,0.55727524,0.35239172,0.6458333,0.0,0.523957,0.09778743,0.08648932,0.34237728,0.12846997,0.76423436,0.5139032,0.9578544,0.1394958,0.691879,0.651612,0.939343,0.47655225,0.24016716,0.24016716,0.057181142,0.08307351,0.04695394,0.16027062,0.56218684,0.19379845,0.0,0.7031346,0.6166667,0.5277778,0.9089317,0.7633046,0.9241812,0.9034521,0.60714287,0.5925926,0.57323015,0.3764114,0.625,0.0,0.26786453,0.17274782,0.12973398,0.44832042,0.36216915,0.8533382,0.67713696,0.97907454,0.18655463,0.82155985,0.8095401,0.68688565,0.86872894,0.27146837,0.27146837,0.16996619,0.16582994,0.09093611,0.30689374,0.40775615,0.30232558,0.0,0.39520591,0.76754385,0.6388889,0.8989492,0.8514952,0.8795424,0.96049476,0.6339286,0.6265741,0.60829276,0.4003285,0.6979167,0.0,0.31763735,0.2070077,0.16118464,0.4366925,0.45384118,0.79884946,0.6493306,0.8072502,0.26134455,0.8520625,0.80022436,0.9225184,0.70026064,0.23213701,0.23213701,0.24764763,0.24731807,0.19435364,0.2869474,0.33772162,0.36434108,0.0,0.266134,0.6657895,0.8194444,0.93992996,0.8464268,0.7113055,1.0,0.6785714,0.6666667,0.6465081,0.42424554,0.7604167,0.0,0.52746797,0.22593369,0.1596121,0.3875969,0.38347322,0.7692802,0.66374874,0.60271144,0.51512605,0.62546533,0.5902551,0.71300805,0.6322106,0.33398885,0.33398885,0.3378688,0.31326956,0.2695394,0.62218595,0.55059373,0.37209302,0.0,1.0,0.82807016,0.8194444,0.8211909,0.83527625,0.654105,0.91342074,0.6785714,0.6911111,0.69743,0.45165265,0.8020833,0.0,0.48182568,0.46117306
21,0.043409046,0.06526012,0.2984496,0.013557133,0.9059235,0.67198765,1.0,0.37563026,0.61539716,0.6678047,0.2920393,0.38866103,0.015240905,0.015240905,0.26138696,0.306611,0.29034176,0.20191298,0.03599778,0.08527132,0.0,0.170252,0.42309943,0.5277778,0.86952716,0.8028383,0.8983849,0.7925051,0.5,0.49074075,0.48724562,0.30445492,0.6145833,0.0,0.42234614,0.05744903,0.036954526,0.3255814,0.14654616,0.71124023,0.43254375,0.92012966,0.24117647,0.6122371,0.63039553,0.68821394,0.66092175,0.20960341,0.20960341,0.0,0.0,0.029123329,0.1991135,1.0,1.0,0.0,0.48371235,0.25877193,0.6805556,0.8175131,0.7207298,0.72207266,0.75927633,0.53571427,0.537037,0.52230823,0.311435,0.5833333,0.0,0.40912846,0.06327649,0.041672125,0.33074936,0.09425436,0.7160689,0.4577755,0.8968465,0.0,0.69444305,0.6773643,0.09448331,1.0,0.2008358,0.2008358,0.04886964,0.05453681,0.10222883,0.01679692,0.5033994,0.15503876,0.0,0.59434545,0.5710526,0.5833333,0.87110335,0.7709072,1.0,0.76592207,0.5625,0.5555556,0.55727524,0.35239172,0.6458333,0.0,0.523957,0.09778743,0.08648932,0.34237728,0.12846997,0.76423436,0.5139032,0.9578544,0.1394958,0.691879,0.651612,0.939343,0.47655225,0.24016716,0.24016716,0.057181142,0.08307351,0.04695394,0.16027062,0.56218684,0.19379845,0.0,0.7031346,0.6166667,0.5277778,0.9089317,0.7633046,0.9241812,0.9034521,0.60714287,0.5925926,0.57323015,0.3764114,0.625,0.0,0.26786453,0.17274782,0.12973398,0.44832042,0.36216915,0.8533382,0.67713696,0.97907454,0.18655463,0.82155985,0.8095401,0.68688565,0.86872894,0.27146837,0.27146837,0.16996619,0.16582994,0.09093611,0.30689374,0.40775615,0.30232558,0.0,0.39520591,0.76754385,0.6388889,0.8989492,0.8514952,0.8795424,0.96049476,0.6339286,0.6265741,0.60829276,0.4003285,0.6979167,0.0,0.31763735,0.2070077,0.16118464,0.4366925,0.45384118,0.79884946,0.6493306,0.8072502,0.26134455,0.8520625,0.80022436,0.9225184,0.70026064,0.23213701,0.23213701,0.24764763,0.24731807,0.19435364,0.2869474,0.33772162,0.36434108,0.0,0.266134,0.6657895,0.8194444,0.93992996,0.8464268,0.7113055,1.0,0.6785714,0.6666667,0.6465081,0.42424554,0.7604167,0.0,0.52746797,0.22593369,0.1596121,0.3875969,0.38347322,0.7692802,0.66374874,0.60271144,0.51512605,0.62546533,0.5902551,0.71300805,0.6322106,0.33398885,0.33398885,0.3378688,0.31326956,0.2695394,0.62218595,0.55059373,0.37209302,0.0,1.0,0.82807016,0.8194444,0.8211909,0.83527625,0.654105,0.91342074,0.6785714,0.6911111,0.69743,0.45165265,0.8020833,0.0,0.48182568,0.16058595,0.13759665,0.35529715,0.33957392,0.8926127,0.7281153,0.7462423,0.59159666,0.50676256,0.4233527,0.38767377,0.35805064,0.21099639,0.21099639,0.34475756,0.33483064,0.3973254,0.38597924,0.6009027,0.4496124,0.0,0.61831594,0.73421055,0.7222222,0.7954466,0.8464268,0.6601615,0.86450064,0.71428573,0.7191667,0.71969044,0.5046192,0.8020833,0.0,0.46117306,0.5068154
22,0.05744903,0.036954526,0.3255814,0.14654616,0.71124023,0.43254375,0.92012966,0.24117647,0.6122371,0.63039553,0.68821394,0.66092175,0.20960341,0.20960341,0.0,0.0,0.029123329,0.1991135,1.0,1.0,0.0,0.48371235,0.25877193,0.6805556,0.8175131,0.7207298,0.72207266,0.75927633,0.53571427,0.537037,0.52230823,0.311435,0.5833333,0.0,0.40912846,0.06327649,0.041672125,0.33074936,0.09425436,0.7160689,0.4577755,0.8968465,0.0,0.69444305,0.6773643,0.09448331,1.0,0.2008358,0.2008358,0.04886964,0.05453681,0.10222883,0.01679692,0.5033994,0.15503876,0.0,0.59434545,0.5710526,0.5833333,0.87110335,0.7709072,1.0,0.76592207,0.5625,0.5555556,0.55727524,0.35239172,0.6458333,0.0,0.523957,0.09778743,0.08648932,0.34237728,0.12846997,0.76423436,0.5139032,0.9578544,0.1394958,0.691879,0.651612,0.939343,0.47655225,0.24016716,0.24016716,0.057181142,0.08307351,0.04695394,0.16027062,0.56218684,0.19379845,0.0,0.7031346,0.6166667,0.5277778,0.9089317,0.7633046,0.9241812,0.9034521,0.60714287,0.5925926,0.57323015,0.3764114,0.625,0.0,0.26786453,0.17274782,0.12973398,0.44832042,0.36216915,0.8533382,0.67713696,0.97907454,0.18655463,0.82155985,0.8095401,0.68688565,0.86872894,0.27146837,0.27146837,0.16996619,0.16582994,0.09093611,0.30689374,0.40775615,0.30232558,0.0,0.39520591,0.76754385,0.6388889,0.8989492,0.8514952,0.8795424,0.96049476,0.6339286,0.6265741,0.60829276,0.4003285,0.6979167,0.0,0.31763735,0.2070077,0.16118464,0.4366925,0.45384118,0.79884946,0.6493306,0.8072502,0.26134455,0.8520625,0.80022436,0.9225184,0.70026064,0.23213701,0.23213701,0.24764763,0.24731807,0.19435364,0.2869474,0.33772162,0.36434108,0.0,0.266134,0.6657895,0.8194444,0.93992996,0.8464268,0.7113055,1.0,0.6785714,0.6666667,0.6465081,0.42424554,0.7604167,0.0,0.52746797,0.22593369,0.1596121,0.3875969,0.38347322,0.7692802,0.66374874,0.60271144,0.51512605,0.62546533,0.5902551,0.71300805,0.6322106,0.33398885,0.33398885,0.3378688,0.31326956,0.2695394,0.62218595,0.55059373,0.37209302,0.0,1.0,0.82807016,0.8194444,0.8211909,0.83527625,0.654105,0.91342074,0.6785714,0.6911111,0.69743,0.45165265,0.8020833,0.0,0.48182568,0.16058595,0.13759665,0.35529715,0.33957392,0.8926127,0.7281153,0.7462423,0.59159666,0.50676256,0.4233527,0.38767377,0.35805064,0.21099639,0.21099639,0.34475756,0.33483064,0.3973254,0.38597924,0.6009027,0.4496124,0.0,0.61831594,0.73421055,0.7222222,0.7954466,0.8464268,0.6601615,0.86450064,0.71428573,0.7191667,0.71969044,0.5046192,0.8020833,0.0,0.46117306,0.2175377,0.15017691,0.4870801,0.38799226,0.7561929,0.6400618,0.5201886,0.58235294,0.49295256,0.39335707,0.79057825,0.4121391,0.38593903,0.38593903,0.4907905,0.49685568,0.40445766,0.7156188,0.2874992,0.31782946,0.0,0.37676707,0.6070175,0.8194444,0.8894921,0.83274204,0.653432,0.79121286,0.75,0.75314814,0.75160027,0.5260727,0.9583333,0.0,0.5068154,0.45249897
23,0.06327649,0.041672125,0.33074936,0.09425436,0.7160689,0.4577755,0.8968465,0.0,0.69444305,0.6773643,0.09448331,1.0,0.2008358,0.2008358,0.04886964,0.05453681,0.10222883,0.01679692,0.5033994,0.15503876,0.0,0.59434545,0.5710526,0.5833333,0.87110335,0.7709072,1.0,0.76592207,0.5625,0.5555556,0.55727524,0.35239172,0.6458333,0.0,0.523957,0.09778743,0.08648932,0.34237728,0.12846997,0.76423436,0.5139032,0.9578544,0.1394958,0.691879,0.651612,0.939343,0.47655225,0.24016716,0.24016716,0.057181142,0.08307351,0.04695394,0.16027062,0.56218684,0.19379845,0.0,0.7031346,0.6166667,0.5277778,0.9089317,0.7633046,0.9241812,0.9034521,0.60714287,0.5925926,0.57323015,0.3764114,0.625,0.0,0.26786453,0.17274782,0.12973398,0.44832042,0.36216915,0.8533382,0.67713696,0.97907454,0.18655463,0.82155985,0.8095401,0.68688565,0.86872894,0.27146837,0.27146837,0.16996619,0.16582994,0.09093611,0.30689374,0.40775615,0.30232558,0.0,0.39520591,0.76754385,0.6388889,0.8989492,0.8514952,0.8795424,0.96049476,0.6339286,0.6265741,0.60829276,0.4003285,0.6979167,0.0,0.31763735,0.2070077,0.16118464,0.4366925,0.45384118,0.79884946,0.6493306,0.8072502,0.26134455,0.8520625,0.80022436,0.9225184,0.70026064,0.23213701,0.23213701,0.24764763,0.24731807,0.19435364,0.2869474,0.33772162,0.36434108,0.0,0.266134,0.6657895,0.8194444,0.93992996,0.8464268,0.7113055,1.0,0.6785714,0.6666667,0.6465081,0.42424554,0.7604167,0.0,0.52746797,0.22593369,0.1596121,0.3875969,0.38347322,0.7692802,0.66374874,0.60271144,0.51512605,0.62546533,0.5902551,0.71300805,0.6322106,0.33398885,0.33398885,0.3378688,0.31326956,0.2695394,0.62218595,0.55059373,0.37209302,0.0,1.0,0.82807016,0.8194444,0.8211909,0.83527625,0.654105,0.91342074,0.6785714,0.6911111,0.69743,0.45165265,0.8020833,0.0,0.48182568,0.16058595,0.13759665,0.35529715,0.33957392,0.8926127,0.7281153,0.7462423,0.59159666,0.50676256,0.4233527,0.38767377,0.35805064,0.21099639,0.21099639,0.34475756,0.33483064,0.3973254,0.38597924,0.6009027,0.4496124,0.0,0.61831594,0.73421055,0.7222222,0.7954466,0.8464268,0.6601615,0.86450064,0.71428573,0.7191667,0.71969044,0.5046192,0.8020833,0.0,0.46117306,0.2175377,0.15017691,0.4870801,0.38799226,0.7561929,0.6400618,0.5201886,0.58235294,0.49295256,0.39335707,0.79057825,0.4121391,0.38593903,0.38593903,0.4907905,0.49685568,0.40445766,0.7156188,0.2874992,0.31782946,0.0,0.37676707,0.6070175,0.8194444,0.8894921,0.83274204,0.653432,0.79121286,0.75,0.75314814,0.75160027,0.5260727,0.9583333,0.0,0.5068154,0.18672505,0.14703184,0.30490956,0.27695286,0.78839374,0.7131823,0.71647507,0.50756305,0.4969862,0.45325074,0.45647746,0.36597094,0.29662406,0.29662406,0.3875757,0.3985626,0.4433878,0.42832148,0.69801664,0.9147287,0.0,0.35464045,0.6219298,0.8194444,0.84956217,0.88900155,0.4091521,0.64759094,0.77678573,0.7808333,0.78026175,0.53726137,0.9479167,0.0,0.45249897,0.5080545
24,0.09778743,0.08648932,0.34237728,0.12846997,0.76423436,0.5139032,0.9578544,0.1394958,0.691879,0.651612,0.939343,0.47655225,0.24016716,0.24016716,0.057181142,0.08307351,0.04695394,0.16027062,0.56218684,0.19379845,0.0,0.7031346,0.6166667,0.5277778,0.9089317,0.7633046,0.9241812,0.9034521,0.60714287,0.5925926,0.57323015,0.3764114,0.625,0.0,0.26786453,0.17274782,0.12973398,0.44832042,0.36216915,0.8533382,0.67713696,0.97907454,0.18655463,0.82155985,0.8095401,0.68688565,0.86872894,0.27146837,0.27146837,0.16996619,0.16582994,0.09093611,0.30689374,0.40775615,0.30232558,0.0,0.39520591,0.76754385,0.6388889,0.8989492,0.8514952,0.8795424,0.96049476,0.6339286,0.6265741,0.60829276,0.4003285,0.6979167,0.0,0.31763735,0.2070077,0.16118464,0.4366925,0.45384118,0.79884946,0.6493306,0.8072502,0.26134455,0.8520625,0.80022436,0.9225184,0.70026064,0.23213701,0.23213701,0.24764763,0.24731807,0.19435364,0.2869474,0.33772162,0.36434108,0.0,0.266134,0.6657895,0.8194444,0.93992996,0.8464268,0.7113055,1.0,0.6785714,0.6666667,0.6465081,0.42424554,0.7604167,0.0,0.52746797,0.22593369,0.1596121,0.3875969,0.38347322,0.7692802,0.66374874,0.60271144,0.51512605,0.62546533,0.5902551,0.71300805,0.6322106,0.33398885,0.33398885,0.3378688,0.31326956,0.2695394,0.62218595,0.55059373,0.37209302,0.0,1.0,0.82807016,0.8194444,0.8211909,0.83527625,0.654105,0.91342074,0.6785714,0.6911111,0.69743,0.45165265,0.8020833,0.0,0.48182568,0.16058595,0.13759665,0.35529715,0.33957392,0.8926127,0.7281153,0.7462423,0.59159666,0.50676256,0.4233527,0.38767377,0.35805064,0.21099639,0.21099639,0.34475756,0.33483064,0.3973254,0.38597924,0.6009027,0.4496124,0.0,0.61831594,0.73421055,0.7222222,0.7954466,0.8464268,0.6601615,0.86450064,0.71428573,0.7191667,0.71969044,0.5046192,0.8020833,0.0,0.46117306,0.2175377,0.15017691,0.4870801,0.38799226,0.7561929,0.6400618,0.5201886,0.58235294,0.49295256,0.39335707,0.79057825,0.4121391,0.38593903,0.38593903,0.4907905,0.49685568,0.40445766,0.7156188,0.2874992,0.31782946,0.0,0.37676707,0.6070175,0.8194444,0.8894921,0.83274204,0.653432,0.79121286,0.75,0.75314814,0.75160027,0.5260727,0.9583333,0.0,0.5068154,0.18672505,0.14703184,0.30490956,0.27695286,0.78839374,0.7131823,0.71647507,0.50756305,0.4969862,0.45325074,0.45647746,0.36597094,0.29662406,0.29662406,0.3875757,0.3985626,0.4433878,0.42832148,0.69801664,0.9147287,0.0,0.35464045,0.6219298,0.8194444,0.84956217,0.88900155,0.4091521,0.64759094,0.77678573,0.7808333,0.78026175,0.53726137,0.9479167,0.0,0.45249897,0.22940506,0.14624558,0.22351421,0.31310523,0.54053426,0.5571576,0.48187444,0.4697479,0.32484654,0.18509486,1.0,0.3172772,0.5265487,0.5265487,0.5960231,0.570734,0.5756315,0.65438,0.18497798,0.03875969,0.0,0.36939153,0.50614035,0.7083333,0.897373,0.92296,0.6096904,0.7061104,0.8125,0.8055556,0.8216299,0.5611784,1.0,0.0,0.5080545,0.60821974
25,0.17274782,0.12973398,0.44832042,0.36216915,0.8533382,0.67713696,0.97907454,0.18655463,0.82155985,0.8095401,0.68688565,0.86872894,0.27146837,0.27146837,0.16996619,0.16582994,0.09093611,0.30689374,0.40775615,0.30232558,0.0,0.39520591,0.76754385,0.6388889,0.8989492,0.8514952,0.8795424,0.96049476,0.6339286,0.6265741,0.60829276,0.4003285,0.6979167,0.0,0.31763735,0.2070077,0.16118464,0.4366925,0.45384118,0.79884946,0.6493306,0.8072502,0.26134455,0.8520625,0.80022436,0.9225184,0.70026064,0.23213701,0.23213701,0.24764763,0.24731807,0.19435364,0.2869474,0.33772162,0.36434108,0.0,0.266134,0.6657895,0.8194444,0.93992996,0.8464268,0.7113055,1.0,0.6785714,0.6666667,0.6465081,0.42424554,0.7604167,0.0,0.52746797,0.22593369,0.1596121,0.3875969,0.38347322,0.7692802,0.66374874,0.60271144,0.51512605,0.62546533,0.5902551,0.71300805,0.6322106,0.33398885,0.33398885,0.3378688,0.31326956,0.2695394,0.62218595,0.55059373,0.37209302,0.0,1.0,0.82807016,0.8194444,0.8211909,0.83527625,0.654105,0.91342074,0.6785714,0.6911111,0.69743,0.45165265,0.8020833,0.0,0.48182568,0.16058595,0.13759665,0.35529715,0.33957392,0.8926127,0.7281153,0.7462423,0.59159666,0.50676256,0.4233527,0.38767377,0.35805064,0.21099639,0.21099639,0.34475756,0.33483064,0.3973254,0.38597924,0.6009027,0.4496124,0.0,0.61831594,0.73421055,0.7222222,0.7954466,0.8464268,0.6601615,0.86450064,0.71428573,0.7191667,0.71969044,0.5046192,0.8020833,0.0,0.46117306,0.2175377,0.15017691,0.4870801,0.38799226,0.7561929,0.6400618,0.5201886,0.58235294,0.49295256,0.39335707,0.79057825,0.4121391,0.38593903,0.38593903,0.4907905,0.49685568,0.40445766,0.7156188,0.2874992,0.31782946,0.0,0.37676707,0.6070175,0.8194444,0.8894921,0.83274204,0.653432,0.79121286,0.75,0.75314814,0.75160027,0.5260727,0.9583333,0.0,0.5068154,0.18672505,0.14703184,0.30490956,0.27695286,0.78839374,0.7131823,0.71647507,0.50756305,0.4969862,0.45325074,0.45647746,0.36597094,0.29662406,0.29662406,0.3875757,0.3985626,0.4433878,0.42832148,0.69801664,0.9147287,0.0,0.35464045,0.6219298,0.8194444,0.84956217,0.88900155,0.4091521,0.64759094,0.77678573,0.7808333,0.78026175,0.53726137,0.9479167,0.0,0.45249897,0.22940506,0.14624558,0.22351421,0.31310523,0.54053426,0.5571576,0.48187444,0.4697479,0.32484654,0.18509486,1.0,0.3172772,0.5265487,0.5265487,0.5960231,0.570734,0.5756315,0.65438,0.18497798,0.03875969,0.0,0.36939153,0.50614035,0.7083333,0.897373,0.92296,0.6096904,0.7061104,0.8125,0.8055556,0.8216299,0.5611784,1.0,0.0,0.5080545,0.20541927,0.1525357,0.29586563,0.43189153,0.7157815,0.6678682,0.4871795,0.7462185,0.29698646,0.23859923,0.616311,0.40896693,0.3466896,0.3466896,0.5445368,0.5542461,0.43060923,0.74046427,0.9930787,0.9457364,0.0,0.8801475,0.6342105,0.625,0.7796848,0.86163205,0.64804846,0.7101717,0.8125,0.8148148,0.8375848,0.61332375,0.9479167,0.0,0.60821974,0.41305247
26,0.2070077,0.16118464,0.4366925,0.45384118,0.79884946,0.6493306,0.8072502,0.26134455,0.8520625,0.80022436,0.9225184,0.70026064,0.23213701,0.23213701,0.24764763,0.24731807,0.19435364,0.2869474,0.33772162,0.36434108,0.0,0.266134,0.6657895,0.8194444,0.93992996,0.8464268,0.7113055,1.0,0.6785714,0.6666667,0.6465081,0.42424554,0.7604167,0.0,0.52746797,0.22593369,0.1596121,0.3875969,0.38347322,0.7692802,0.66374874,0.60271144,0.51512605,0.62546533,0.5902551,0.71300805,0.6322106,0.33398885,0.33398885,0.3378688,0.31326956,0.2695394,0.62218595,0.55059373,0.37209302,0.0,1.0,0.82807016,0.8194444,0.8211909,0.83527625,0.654105,0.91342074,0.6785714,0.6911111,0.69743,0.45165265,0.8020833,0.0,0.48182568,0.16058595,0.13759665,0.35529715,0.33957392,0.8926127,0.7281153,0.7462423,0.59159666,0.50676256,0.4233527,0.38767377,0.35805064,0.21099639,0.21099639,0.34475756,0.33483064,0.3973254,0.38597924,0.6009027,0.4496124,0.0,0.61831594,0.73421055,0.7222222,0.7954466,0.8464268,0.6601615,0.86450064,0.71428573,0.7191667,0.71969044,0.5046192,0.8020833,0.0,0.46117306,0.2175377,0.15017691,0.4870801,0.38799226,0.7561929,0.6400618,0.5201886,0.58235294,0.49295256,0.39335707,0.79057825,0.4121391,0.38593903,0.38593903,0.4907905,0.49685568,0.40445766,0.7156188,0.2874992,0.31782946,0.0,0.37676707,0.6070175,0.8194444,0.8894921,0.83274204,0.653432,0.79121286,0.75,0.75314814,0.75160027,0.5260727,0.9583333,0.0,0.5068154,0.18672505,0.14703184,0.30490956,0.27695286,0.78839374,0.7131823,0.71647507,0.50756305,0.4969862,0.45325074,0.45647746,0.36597094,0.29662406,0.29662406,0.3875757,0.3985626,0.4433878,0.42832148,0.69801664,0.9147287,0.0,0.35464045,0.6219298,0.8194444,0.84956217,0.88900155,0.4091521,0.64759094,0.77678573,0.7808333,0.78026175,0.53726137,0.9479167,0.0,0.45249897,0.22940506,0.14624558,0.22351421,0.31310523,0.54053426,0.5571576,0.48187444,0.4697479,0.32484654,0.18509486,1.0,0.3172772,0.5265487,0.5265487,0.5960231,0.570734,0.5756315,0.65438,0.18497798,0.03875969,0.0,0.36939153,0.50614035,0.7083333,0.897373,0.92296,0.6096904,0.7061104,0.8125,0.8055556,0.8216299,0.5611784,1.0,0.0,0.5080545,0.20541927,0.1525357,0.29586563,0.43189153,0.7157815,0.6678682,0.4871795,0.7462185,0.29698646,0.23859923,0.616311,0.40896693,0.3466896,0.3466896,0.5445368,0.5542461,0.43060923,0.74046427,0.9930787,0.9457364,0.0,0.8801475,0.6342105,0.625,0.7796848,0.86163205,0.64804846,0.7101717,0.8125,0.8148148,0.8375848,0.61332375,0.9479167,0.0,0.60821974,0.22951128,0.18398637,0.3875969,0.30277598,0.25079113,0.1930999,0.13085765,0.52689075,0.29533356,0.20948154,0.8140441,0.34307882,0.45140937,0.45140937,0.5659716,0.5456852,0.56849927,0.6977721,0.6554941,0.6124031,0.0,0.47080517,0.422807,0.7361111,0.71926445,0.803852,0.53835803,0.6280229,0.83928573,0.84574074,0.8502914,0.62697595,0.9479167,0.0,0.41305247,0.89880216
27,0.22593369,0.1596121,0.3875969,0.38347322,0.7692802,0.66374874,0.60271144,0.51512605,0.62546533,0.5902551,0.71300805,0.6322106,0.33398885,0.33398885,0.3378688,0.31326956,0.2695394,0.62218595,0.55059373,0.37209302,0.0,1.0,0.82807016,0.8194444,0.8211909,0.83527625,0.654105,0.91342074,0.6785714,0.6911111,0.69743,0.45165265,0.8020833,0.0,0.48182568,0.16058595,0.13759665,0.35529715,0.33957392,0.8926127,0.7281153,0.7462423,0.59159666,0.50676256,0.4233527,0.38767377,0.35805064,0.21099639,0.21099639,0.34475756,0.33483064,0.3973254,0.38597924,0.6009027,0.4496124,0.0,0.61831594,0.73421055,0.7222222,0.7954466,0.8464268,0.6601615,0.86450064,0.71428573,0.7191667,0.71969044,0.5046192,0.8020833,0.0,0.46117306,0.2175377,0.15017691,0.4870801,0.38799226,0.7561929,0.6400618,0.5201886,0.58235294,0.49295256,0.39335707,0.79057825,0.4121391,0.38593903,0.38593903,0.4907905,0.49685568,0.40445766,0.7156188,0.2874992,0.31782946,0.0,0.37676707,0.6070175,0.8194444,0.8894921,0.83274204,0.653432,0.79121286,0.75,0.75314814,0.75160027,0.5260727,0.9583333,0.0,0.5068154,0.18672505,0.14703184,0.30490956,0.27695286,0.78839374,0.7131823,0.71647507,0.50756305,0.4969862,0.45325074,0.45647746,0.36597094,0.29662406,0.29662406,0.3875757,0.3985626,0.4433878,0.42832148,0.69801664,0.9147287,0.0,0.35464045,0.6219298,0.8194444,0.84956217,0.88900155,0.4091521,0.64759094,0.77678573,0.7808333,0.78026175,0.53726137,0.9479167,0.0,0.45249897,0.22940506,0.14624558,0.22351421,0.31310523,0.54053426,0.5571576,0.48187444,0.4697479,0.32484654,0.18509486,1.0,0.3172772,0.5265487,0.5265487,0.5960231,0.570734,0.5756315,0.65438,0.18497798,0.03875969,0.0,0.36939153,0.50614035,0.7083333,0.897373,0.92296,0.6096904,0.7061104,0.8125,0.8055556,0.8216299,0.5611784,1.0,0.0,0.5080545,0.20541927,0.1525357,0.29586563,0.43189153,0.7157815,0.6678682,0.4871795,0.7462185,0.29698646,0.23859923,0.616311,0.40896693,0.3466896,0.3466896,0.5445368,0.5542461,0.43060923,0.74046427,0.9930787,0.9457364,0.0,0.8801475,0.6342105,0.625,0.7796848,0.86163205,0.64804846,0.7101717,0.8125,0.8148148,0.8375848,0.61332375,0.9479167,0.0,0.60821974,0.22951128,0.18398637,0.3875969,0.30277598,0.25079113,0.1930999,0.13085765,0.52689075,0.29533356,0.20948154,0.8140441,0.34307882,0.45140937,0.45140937,0.5659716,0.5456852,0.56849927,0.6977721,0.6554941,0.6124031,0.0,0.47080517,0.422807,0.7361111,0.71926445,0.803852,0.53835803,0.6280229,0.83928573,0.84574074,0.8502914,0.62697595,0.9479167,0.0,0.41305247,0.3260386,0.2516053,0.41472867,0.5132343,0.0,0.052523173,0.0,0.28907564,0.23328798,0.18938692,0.892854,0.24308488,0.82694197,0.82694197,0.6034897,0.6182952,0.51500744,0.812551,0.2754735,0.17829457,0.0,0.45974186,0.3859649,0.6388889,0.6788091,0.77344143,0.45760432,0.5940558,0.8660714,0.8673148,0.87580013,0.6800452,0.84375,0.0,0.89880216,0.9911194
28,0.16058595,0.13759665,0.35529715,0.33957392,0.8926127,0.7281153,0.7462423,0.59159666,0.50676256,0.4233527,0.38767377,0.35805064,0.21099639,0.21099639,0.34475756,0.33483064,0.3973254,0.38597924,0.6009027,0.4496124,0.0,0.61831594,0.73421055,0.7222222,0.7954466,0.8464268,0.6601615,0.86450064,0.71428573,0.7191667,0.71969044,0.5046192,0.8020833,0.0,0.46117306,0.2175377,0.15017691,0.4870801,0.38799226,0.7561929,0.6400618,0.5201886,0.58235294,0.49295256,0.39335707,0.79057825,0.4121391,0.38593903,0.38593903,0.4907905,0.49685568,0.40445766,0.7156188,0.2874992,0.31782946,0.0,0.37676707,0.6070175,0.8194444,0.8894921,0.83274204,0.653432,0.79121286,0.75,0.75314814,0.75160027,0.5260727,0.9583333,0.0,0.5068154,0.18672505,0.14703184,0.30490956,0.27695286,0.78839374,0.7131823,0.71647507,0.50756305,0.4969862,0.45325074,0.45647746,0.36597094,0.29662406,0.29662406,0.3875757,0.3985626,0.4433878,0.42832148,0.69801664,0.9147287,0.0,0.35464045,0.6219298,0.8194444,0.84956217,0.88900155,0.4091521,0.64759094,0.77678573,0.7808333,0.78026175,0.53726137,0.9479167,0.0,0.45249897,0.22940506,0.14624558,0.22351421,0.31310523,0.54053426,0.5571576,0.48187444,0.4697479,0.32484654,0.18509486,1.0,0.3172772,0.5265487,0.5265487,0.5960231,0.570734,0.5756315,0.65438,0.18497798,0.03875969,0.0,0.36939153,0.50614035,0.7083333,0.897373,0.92296,0.6096904,0.7061104,0.8125,0.8055556,0.8216299,0.5611784,1.0,0.0,0.5080545,0.20541927,0.1525357,0.29586563,0.43189153,0.7157815,0.6678682,0.4871795,0.7462185,0.29698646,0.23859923,0.616311,0.40896693,0.3466896,0.3466896,0.5445368,0.5542461,0.43060923,0.74046427,0.9930787,0.9457364,0.0,0.8801475,0.6342105,0.625,0.7796848,0.86163205,0.64804846,0.7101717,0.8125,0.8148148,0.8375848,0.61332375,0.9479167,0.0,0.60821974,0.22951128,0.18398637,0.3875969,0.30277598,0.25079113,0.1930999,0.13085765,0.52689075,0.29533356,0.20948154,0.8140441,0.34307882,0.45140937,0.45140937,0.5659716,0.5456852,0.56849927,0.6977721,0.6554941,0.6124031,0.0,0.47080517,0.422807,0.7361111,0.71926445,0.803852,0.53835803,0.6280229,0.83928573,0.84574074,0.8502914,0.62697595,0.9479167,0.0,0.41305247,0.3260386,0.2516053,0.41472867,0.5132343,0.0,0.052523173,0.0,0.28907564,0.23328798,0.18938692,0.892854,0.24308488,0.82694197,0.82694197,0.6034897,0.6182952,0.51500744,0.812551,0.2754735,0.17829457,0.0,0.45974186,0.3859649,0.6388889,0.6788091,0.77344143,0.45760432,0.5940558,0.8660714,0.8673148,0.87580013,0.6800452,0.84375,0.0,0.89880216,0.2705594,0.2303761,0.39147288,0.4073596,0.1873253,0.18280123,0.11346891,0.35966387,0.1894375,0.12022631,0.95917827,0.19584587,0.69813174,0.69813174,0.6215431,0.63097817,0.5940565,0.66522807,0.3812823,0.5736434,0.0,0.20897357,0.40526316,0.8055556,0.4954466,0.6350735,0.30955586,0.5408898,0.90178573,0.90435183,0.8916595,0.7279819,0.7708333,0.0,0.9911194,0.9865758
29,0.2175377,0.15017691,0.4870801,0.38799226,0.7561929,0.6400618,0.5201886,0.58235294,0.49295256,0.39335707,0.79057825,0.4121391,0.38593903,0.38593903,0.4907905,0.49685568,0.40445766,0.7156188,0.2874992,0.31782946,0.0,0.37676707,0.6070175,0.8194444,0.8894921,0.83274204,0.653432,0.79121286,0.75,0.75314814,0.75160027,0.5260727,0.9583333,0.0,0.5068154,0.18672505,0.14703184,0.30490956,0.27695286,0.78839374,0.7131823,0.71647507,0.50756305,0.4969862,0.45325074,0.45647746,0.36597094,0.29662406,0.29662406,0.3875757,0.3985626,0.4433878,0.42832148,0.69801664,0.9147287,0.0,0.35464045,0.6219298,0.8194444,0.84956217,0.88900155,0.4091521,0.64759094,0.77678573,0.7808333,0.78026175,0.53726137,0.9479167,0.0,0.45249897,0.22940506,0.14624558,0.22351421,0.31310523,0.54053426,0.5571576,0.48187444,0.4697479,0.32484654,0.18509486,1.0,0.3172772,0.5265487,0.5265487,0.5960231,0.570734,0.5756315,0.65438,0.18497798,0.03875969,0.0,0.36939153,0.50614035,0.7083333,0.897373,0.92296,0.6096904,0.7061104,0.8125,0.8055556,0.8216299,0.5611784,1.0,0.0,0.5080545,0.20541927,0.1525357,0.29586563,0.43189153,0.7157815,0.6678682,0.4871795,0.7462185,0.29698646,0.23859923,0.616311,0.40896693,0.3466896,0.3466896,0.5445368,0.5542461,0.43060923,0.74046427,0.9930787,0.9457364,0.0,0.8801475,0.6342105,0.625,0.7796848,0.86163205,0.64804846,0.7101717,0.8125,0.8148148,0.8375848,0.61332375,0.9479167,0.0,0.60821974,0.22951128,0.18398637,0.3875969,0.30277598,0.25079113,0.1930999,0.13085765,0.52689075,0.29533356,0.20948154,0.8140441,0.34307882,0.45140937,0.45140937,0.5659716,0.5456852,0.56849927,0.6977721,0.6554941,0.6124031,0.0,0.47080517,0.422807,0.7361111,0.71926445,0.803852,0.53835803,0.6280229,0.83928573,0.84574074,0.8502914,0.62697595,0.9479167,0.0,0.41305247,0.3260386,0.2516053,0.41472867,0.5132343,0.0,0.052523173,0.0,0.28907564,0.23328798,0.18938692,0.892854,0.24308488,0.82694197,0.82694197,0.6034897,0.6182952,0.51500744,0.812551,0.2754735,0.17829457,0.0,0.45974186,0.3859649,0.6388889,0.6788091,0.77344143,0.45760432,0.5940558,0.8660714,0.8673148,0.87580013,0.6800452,0.84375,0.0,0.89880216,0.2705594,0.2303761,0.39147288,0.4073596,0.1873253,0.18280123,0.11346891,0.35966387,0.1894375,0.12022631,0.95917827,0.19584587,0.69813174,0.69813174,0.6215431,0.63097817,0.5940565,0.66522807,0.3812823,0.5736434,0.0,0.20897357,0.40526316,0.8055556,0.4954466,0.6350735,0.30955586,0.5408898,0.90178573,0.90435183,0.8916595,0.7279819,0.7708333,0.0,0.9911194,0.38547194,0.44817194,0.37855297,0.49063912,0.26783842,0.13285273,0.05923961,0.53277314,0.14380129,0.057455007,0.86274683,0.27696845,0.6086529,0.6086529,0.7103453,0.73783225,0.66716194,0.8048524,0.52870524,0.4728682,0.0,0.6293792,0.3122807,0.7916667,0.4497373,0.57830715,0.18506056,0.39652944,0.91964287,0.9228704,0.91716826,0.7595976,0.6875,0.0,0.9865758,0.75733167
30,0.18672505,0.14703184,0.30490956,0.27695286,0.78839374,0.7131823,0.71647507,0.50756305,0.4969862,0.45325074,0.45647746,0.36597094,0.29662406,0.29662406,0.3875757,0.3985626,0.4433878,0.42832148,0.69801664,0.9147287,0.0,0.35464045,0.6219298,0.8194444,0.84956217,0.88900155,0.4091521,0.64759094,0.77678573,0.7808333,0.78026175,0.53726137,0.9479167,0.0,0.45249897,0.22940506,0.14624558,0.22351421,0.31310523,0.54053426,0.5571576,0.48187444,0.4697479,0.32484654,0.18509486,1.0,0.3172772,0.5265487,0.5265487,0.5960231,0.570734,0.5756315,0.65438,0.18497798,0.03875969,0.0,0.36939153,0.50614035,0.7083333,0.897373,0.92296,0.6096904,0.7061104,0.8125,0.8055556,0.8216299,0.5611784,1.0,0.0,0.5080545,0.20541927,0.1525357,0.29586563,0.43189153,0.7157815,0.6678682,0.4871795,0.7462185,0.29698646,0.23859923,0.616311,0.40896693,0.3466896,0.3466896,0.5445368,0.5542461,0.43060923,0.74046427,0.9930787,0.9457364,0.0,0.8801475,0.6342105,0.625,0.7796848,0.86163205,0.64804846,0.7101717,0.8125,0.8148148,0.8375848,0.61332375,0.9479167,0.0,0.60821974,0.22951128,0.18398637,0.3875969,0.30277598,0.25079113,0.1930999,0.13085765,0.52689075,0.29533356,0.20948154,0.8140441,0.34307882,0.45140937,0.45140937,0.5659716,0.5456852,0.56849927,0.6977721,0.6554941,0.6124031,0.0,0.47080517,0.422807,0.7361111,0.71926445,0.803852,0.53835803,0.6280229,0.83928573,0.84574074,0.8502914,0.62697595,0.9479167,0.0,0.41305247,0.3260386,0.2516053,0.41472867,0.5132343,0.0,0.052523173,0.0,0.28907564,0.23328798,0.18938692,0.892854,0.24308488,0.82694197,0.82694197,0.6034897,0.6182952,0.51500744,0.812551,0.2754735,0.17829457,0.0,0.45974186,0.3859649,0.6388889,0.6788091,0.77344143,0.45760432,0.5940558,0.8660714,0.8673148,0.87580013,0.6800452,0.84375,0.0,0.89880216,0.2705594,0.2303761,0.39147288,0.4073596,0.1873253,0.18280123,0.11346891,0.35966387,0.1894375,0.12022631,0.95917827,0.19584587,0.69813174,0.69813174,0.6215431,0.63097817,0.5940565,0.66522807,0.3812823,0.5736434,0.0,0.20897357,0.40526316,0.8055556,0.4954466,0.6350735,0.30955586,0.5408898,0.90178573,0.90435183,0.8916595,0.7279819,0.7708333,0.0,0.9911194,0.38547194,0.44817194,0.37855297,0.49063912,0.26783842,0.13285273,0.05923961,0.53277314,0.14380129,0.057455007,0.86274683,0.27696845,0.6086529,0.6086529,0.7103453,0.73783225,0.66716194,0.8048524,0.52870524,0.4728682,0.0,0.6293792,0.3122807,0.7916667,0.4497373,0.57830715,0.18506056,0.39652944,0.91964287,0.9228704,0.91716826,0.7595976,0.6875,0.0,0.9865758,0.3631277,0.34674355,0.49612403,0.46417043,0.41346207,0.3491246,0.1302682,0.57478994,0.11814087,0.05501634,0.75019926,0.24419615,0.45427728,0.45427728,0.69808406,0.7181736,0.73135215,0.67117697,0.37591833,0.45736435,0.0,0.27166563,0.2622807,0.7083333,0.44343257,0.59401923,0.24562584,0.40391362,0.9375,0.9398148,0.95213526,0.800657,0.6770833,0.0,0.75733167,0.45848823
31,0.22940506,0.14624558,0.22351421,0.31310523,0.54053426,0.5571576,0.48187444,0.4697479,0.32484654,0.18509486,1.0,0.3172772,0.5265487,0.5265487,0.5960231,0.570734,0.5756315,0.65438,0.18497798,0.03875969,0.0,0.36939153,0.50614035,0.7083333,0.897373,0.92296,0.6096904,0.7061104,0.8125,0.8055556,0.8216299,0.5611784,1.0,0.0,0.5080545,0.20541927,0.1525357,0.29586563,0.43189153,0.7157815,0.6678682,0.4871795,0.7462185,0.29698646,0.23859923,0.616311,0.40896693,0.3466896,0.3466896,0.5445368,0.5542461,0.43060923,0.74046427,0.9930787,0.9457364,0.0,0.8801475,0.6342105,0.625,0.7796848,0.86163205,0.64804846,0.7101717,0.8125,0.8148148,0.8375848,0.61332375,0.9479167,0.0,0.60821974,0.22951128,0.18398637,0.3875969,0.30277598,0.25079113,0.1930999,0.13085765,0.52689075,0.29533356,0.20948154,0.8140441,0.34307882,0.45140937,0.45140937,0.5659716,0.5456852,0.56849927,0.6977721,0.6554941,0.6124031,0.0,0.47080517,0.422807,0.7361111,0.71926445,0.803852,0.53835803,0.6280229,0.83928573,0.84574074,0.8502914,0.62697595,0.9479167,0.0,0.41305247,0.3260386,0.2516053,0.41472867,0.5132343,0.0,0.052523173,0.0,0.28907564,0.23328798,0.18938692,0.892854,0.24308488,0.82694197,0.82694197,0.6034897,0.6182952,0.51500744,0.812551,0.2754735,0.17829457,0.0,0.45974186,0.3859649,0.6388889,0.6788091,0.77344143,0.45760432,0.5940558,0.8660714,0.8673148,0.87580013,0.6800452,0.84375,0.0,0.89880216,0.2705594,0.2303761,0.39147288,0.4073596,0.1873253,0.18280123,0.11346891,0.35966387,0.1894375,0.12022631,0.95917827,0.19584587,0.69813174,0.69813174,0.6215431,0.63097817,0.5940565,0.66522807,0.3812823,0.5736434,0.0,0.20897357,0.40526316,0.8055556,0.4954466,0.6350735,0.30955586,0.5408898,0.90178573,0.90435183,0.8916595,0.7279819,0.7708333,0.0,0.9911194,0.38547194,0.44817194,0.37855297,0.49063912,0.26783842,0.13285273,0.05923961,0.53277314,0.14380129,0.057455007,0.86274683,0.27696845,0.6086529,0.6086529,0.7103453,0.73783225,0.66716194,0.8048524,0.52870524,0.4728682,0.0,0.6293792,0.3122807,0.7916667,0.4497373,0.57830715,0.18506056,0.39652944,0.91964287,0.9228704,0.91716826,0.7595976,0.6875,0.0,0.9865758,0.3631277,0.34674355,0.49612403,0.46417043,0.41346207,0.3491246,0.1302682,0.57478994,0.11814087,0.05501634,0.75019926,0.24419615,0.45427728,0.45427728,0.69808406,0.7181736,0.73135215,0.67117697,0.37591833,0.45736435,0.0,0.27166563,0.2622807,0.7083333,0.44343257,0.59401923,0.24562584,0.40391362,0.9375,0.9398148,0.95213526,0.800657,0.6770833,0.0,0.75733167,0.55857223,0.6927008,0.18475452,0.58295673,0.7141655,0.7291452,0.14146772,1.0,0.052638687,0.016339073,0.7811919,0.07182834,0.39454278,0.39454278,0.8563783,0.88305235,0.71203566,0.91613203,0.39741752,0.503876,0.0,0.19791026,0.40526316,0.6666667,0.46287215,0.50532186,0.410498,0.5047074,0.95535713,0.9599074,0.91716826,0.8314515,0.6145833,0.0,0.45848823,0.52498966
32,0.20541927,0.1525357,0.29586563,0.43189153,0.7157815,0.6678682,0.4871795,0.7462185,0.29698646,0.23859923,0.616311,0.40896693,0.3466896,0.3466896,0.5445368,0.5542461,0.43060923,0.74046427,0.9930787,0.9457364,0.0,0.8801475,0.6342105,0.625,0.7796848,0.86163205,0.64804846,0.7101717,0.8125,0.8148148,0.8375848,0.61332375,0.9479167,0.0,0.60821974,0.22951128,0.18398637,0.3875969,0.30277598,0.25079113,0.1930999,0.13085765,0.52689075,0.29533356,0.20948154,0.8140441,0.34307882,0.45140937,0.45140937,0.5659716,0.5456852,0.56849927,0.6977721,0.6554941,0.6124031,0.0,0.47080517,0.422807,0.7361111,0.71926445,0.803852,0.53835803,0.6280229,0.83928573,0.84574074,0.8502914,0.62697595,0.9479167,0.0,0.41305247,0.3260386,0.2516053,0.41472867,0.5132343,0.0,0.052523173,0.0,0.28907564,0.23328798,0.18938692,0.892854,0.24308488,0.82694197,0.82694197,0.6034897,0.6182952,0.51500744,0.812551,0.2754735,0.17829457,0.0,0.45974186,0.3859649,0.6388889,0.6788091,0.77344143,0.45760432,0.5940558,0.8660714,0.8673148,0.87580013,0.6800452,0.84375,0.0,0.89880216,0.2705594,0.2303761,0.39147288,0.4073596,0.1873253,0.18280123,0.11346891,0.35966387,0.1894375,0.12022631,0.95917827,0.19584587,0.69813174,0.69813174,0.6215431,0.63097817,0.5940565,0.66522807,0.3812823,0.5736434,0.0,0.20897357,0.40526316,0.8055556,0.4954466,0.6350735,0.30955586,0.5408898,0.90178573,0.90435183,0.8916595,0.7279819,0.7708333,0.0,0.9911194,0.38547194,0.44817194,0.37855297,0.49063912,0.26783842,0.13285273,0.05923961,0.53277314,0.14380129,0.057455007,0.86274683,0.27696845,0.6086529,0.6086529,0.7103453,0.73783225,0.66716194,0.8048524,0.52870524,0.4728682,0.0,0.6293792,0.3122807,0.7916667,0.4497373,0.57830715,0.18506056,0.39652944,0.91964287,0.9228704,0.91716826,0.7595976,0.6875,0.0,0.9865758,0.3631277,0.34674355,0.49612403,0.46417043,0.41346207,0.3491246,0.1302682,0.57478994,0.11814087,0.05501634,0.75019926,0.24419615,0.45427728,0.45427728,0.69808406,0.7181736,0.73135215,0.67117697,0.37591833,0.45736435,0.0,0.27166563,0.2622807,0.7083333,0.44343257,0.59401923,0.24562584,0.40391362,0.9375,0.9398148,0.95213526,0.800657,0.6770833,0.0,0.75733167,0.55857223,0.6927008,0.18475452,0.58295673,0.7141655,0.7291452,0.14146772,1.0,0.052638687,0.016339073,0.7811919,0.07182834,0.39454278,0.39454278,0.8563783,0.88305235,0.71203566,0.91613203,0.39741752,0.503876,0.0,0.19791026,0.40526316,0.6666667,0.46287215,0.50532186,0.410498,0.5047074,0.95535713,0.9599074,0.91716826,0.8314515,0.6145833,0.0,0.45848823,0.39706412,0.43559167,0.0,0.5461588,0.12752888,0.0,0.07780725,0.6016807,0.09196398,0.058186606,0.95740724,0.0956701,0.91453624,0.91453624,0.772304,0.7609787,0.7358098,0.85279363,0.38071996,0.37209302,0.0,0.3730793,0.5114035,0.7777778,0.4865149,0.5671566,0.27254373,0.4493262,0.98214287,0.98453707,1.0,0.8793882,0.5104167,0.0,0.52498966,0.5586535
33,0.22951128,0.18398637,0.3875969,0.30277598,0.25079113,0.1930999,0.13085765,0.52689075,0.29533356,0.20948154,0.8140441,0.34307882,0.45140937,0.45140937,0.5659716,0.5456852,0.56849927,0.6977721,0.6554941,0.6124031,0.0,0.47080517,0.422807,0.7361111,0.71926445,0.803852,0.53835803,0.6280229,0.83928573,0.84574074,0.8502914,0.62697595,0.9479167,0.0,0.41305247,0.3260386,0.2516053,0.41472867,0.5132343,0.0,0.052523173,0.0,0.28907564,0.23328798,0.18938692,0.892854,0.24308488,0.82694197,0.82694197,0.6034897,0.6182952,0.51500744,0.812551,0.2754735,0.17829457,0.0,0.45974186,0.3859649,0.6388889,0.6788091,0.77344143,0.45760432,0.5940558,0.8660714,0.8673148,0.87580013,0.6800452,0.84375,0.0,0.89880216,0.2705594,0.2303761,0.39147288,0.4073596,0.1873253,0.18280123,0.11346891,0.35966387,0.1894375,0.12022631,0.95917827,0.19584587,0.69813174,0.69813174,0.6215431,0.63097817,0.5940565,0.66522807,0.3812823,0.5736434,0.0,0.20897357,0.40526316,0.8055556,0.4954466,0.6350735,0.30955586,0.5408898,0.90178573,0.90435183,0.8916595,0.7279819,0.7708333,0.0,0.9911194,0.38547194,0.44817194,0.37855297,0.49063912,0.26783842,0.13285273,0.05923961,0.53277314,0.14380129,0.057455007,0.86274683,0.27696845,0.6086529,0.6086529,0.7103453,0.73783225,0.66716194,0.8048524,0.52870524,0.4728682,0.0,0.6293792,0.3122807,0.7916667,0.4497373,0.57830715,0.18506056,0.39652944,0.91964287,0.9228704,0.91716826,0.7595976,0.6875,0.0,0.9865758,0.3631277,0.34674355,0.49612403,0.46417043,0.41346207,0.3491246,0.1302682,0.57478994,0.11814087,0.05501634,0.75019926,0.24419615,0.45427728,0.45427728,0.69808406,0.7181736,0.73135215,0.67117697,0.37591833,0.45736435,0.0,0.27166563,0.2622807,0.7083333,0.44343257,0.59401923,0.24562584,0.40391362,0.9375,0.9398148,0.95213526,0.800657,0.6770833,0.0,0.75733167,0.55857223,0.6927008,0.18475452,0.58295673,0.7141655,0.7291452,0.14146772,1.0,0.052638687,0.016339073,0.7811919,0.07182834,0.39454278,0.39454278,0.8563783,0.88305235,0.71203566,0.91613203,0.39741752,0.503876,0.0,0.19791026,0.40526316,0.6666667,0.46287215,0.50532186,0.410498,0.5047074,0.95535713,0.9599074,0.91716826,0.8314515,0.6145833,0.0,0.45848823,0.39706412,0.43559167,0.0,0.5461588,0.12752888,0.0,0.07780725,0.6016807,0.09196398,0.058186606,0.95740724,0.0956701,0.91453624,0.91453624,0.772304,0.7609787,0.7358098,0.85279363,0.38071996,0.37209302,0.0,0.3730793,0.5114035,0.7777778,0.4865149,0.5671566,0.27254373,0.4493262,0.98214287,0.98453707,1.0,0.8793882,0.5104167,0.0,0.52498966,0.5851893,0.5676845,0.4521964,0.6739832,0.25813955,0.17147271,0.19098143,0.5436975,0.11116015,0.063746765,0.902506,0.14670761,1.0,1.0,0.8549098,0.84754,0.87132245,0.95742446,0.36038876,0.34108528,0.0,0.26797786,0.0,0.6666667,0.0,0.0,0.0,0.0,1.0,1.0,0.99675167,0.8964278,0.5,0.0,0.5586535,0.61276335
34,0.3260386,0.2516053,0.41472867,0.5132343,0.0,0.052523173,0.0,0.28907564,0.23328798,0.18938692,0.892854,0.24308488,0.82694197,0.82694197,0.6034897,0.6182952,0.51500744,0.812551,0.2754735,0.17829457,0.0,0.45974186,0.3859649,0.6388889,0.6788091,0.77344143,0.45760432,0.5940558,0.8660714,0.8673148,0.87580013,0.6800452,0.84375,0.0,0.89880216,0.2705594,0.2303761,0.39147288,0.4073596,0.1873253,0.18280123,0.11346891,0.35966387,0.1894375,0.12022631,0.95917827,0.19584587,0.69813174,0.69813174,0.6215431,0.63097817,0.5940565,0.66522807,0.3812823,0.5736434,0.0,0.20897357,0.40526316,0.8055556,0.4954466,0.6350735,0.30955586,0.5408898,0.90178573,0.90435183,0.8916595,0.7279819,0.7708333,0.0,0.9911194,0.38547194,0.44817194,0.37855297,0.49063912,0.26783842,0.13285273,0.05923961,0.53277314,0.14380129,0.057455007,0.86274683,0.27696845,0.6086529,0.6086529,0.7103453,0.73783225,0.66716194,0.8048524,0.52870524,0.4728682,0.0,0.6293792,0.3122807,0.7916667,0.4497373,0.57830715,0.18506056,0.39652944,0.91964287,0.9228704,0.91716826,0.7595976,0.6875,0.0,0.9865758,0.3631277,0.34674355,0.49612403,0.46417043,0.41346207,0.3491246,0.1302682,0.57478994,0.11814087,0.05501634,0.75019926,0.24419615,0.45427728,0.45427728,0.69808406,0.7181736,0.73135215,0.67117697,0.37591833,0.45736435,0.0,0.27166563,0.2622807,0.7083333,0.44343257,0.59401923,0.24562584,0.40391362,0.9375,0.9398148,0.95213526,0.800657,0.6770833,0.0,0.75733167,0.55857223,0.6927008,0.18475452,0.58295673,0.7141655,0.7291452,0.14146772,1.0,0.052638687,0.016339073,0.7811919,0.07182834,0.39454278,0.39454278,0.8563783,0.88305235,0.71203566,0.91613203,0.39741752,0.503876,0.0,0.19791026,0.40526316,0.6666667,0.46287215,0.50532186,0.410498,0.5047074,0.95535713,0.9599074,0.91716826,0.8314515,0.6145833,0.0,0.45848823,0.39706412,0.43559167,0.0,0.5461588,0.12752888,0.0,0.07780725,0.6016807,0.09196398,0.058186606,0.95740724,0.0956701,0.91453624,0.91453624,0.772304,0.7609787,0.7358098,0.85279363,0.38071996,0.37209302,0.0,0.3730793,0.5114035,0.7777778,0.4865149,0.5671566,0.27254373,0.4493262,0.98214287,0.98453707,1.0,0.8793882,0.5104167,0.0,0.52498966,0.5851893,0.5676845,0.4521964,0.6739832,0.25813955,0.17147271,0.19098143,0.5436975,0.11116015,0.063746765,0.902506,0.14670761,1.0,1.0,0.8549098,0.84754,0.87132245,0.95742446,0.36038876,0.34108528,0.0,0.26797786,0.0,0.6666667,0.0,0.0,0.0,0.0,1.0,1.0,0.99675167,0.8964278,0.5,0.0,0.5586535,0.647954,0.59363127,0.872093,0.71659136,0.44196787,0.36714727,0.44709697,0.43361345,0.10152546,0.041701216,0.930665,0.20530176,0.7612258,0.7612258,0.8807006,0.8659304,0.926003,0.9014347,0.32500377,0.34108528,0.0,0.29010448,0.0,0.3472222,0.0,0.0,0.0,0.0,0.0,0.0,0.0,0.9324574,0.48958334,0.0,0.61276335,0.56422967
35,0.2705594,0.2303761,0.39147288,0.4073596,0.1873253,0.18280123,0.11346891,0.35966387,0.1894375,0.12022631,0.95917827,0.19584587,0.69813174,0.69813174,0.6215431,0.63097817,0.5940565,0.66522807,0.3812823,0.5736434,0.0,0.20897357,0.40526316,0.8055556,0.4954466,0.6350735,0.30955586,0.5408898,0.90178573,0.90435183,0.8916595,0.7279819,0.7708333,0.0,0.9911194,0.38547194,0.44817194,0.37855297,0.49063912,0.26783842,0.13285273,0.05923961,0.53277314,0.14380129,0.057455007,0.86274683,0.27696845,0.6086529,0.6086529,0.7103453,0.73783225,0.66716194,0.8048524,0.52870524,0.4728682,0.0,0.6293792,0.3122807,0.7916667,0.4497373,0.57830715,0.18506056,0.39652944,0.91964287,0.9228704,0.91716826,0.7595976,0.6875,0.0,0.9865758,0.3631277,0.34674355,0.49612403,0.46417043,0.41346207,0.3491246,0.1302682,0.57478994,0.11814087,0.05501634,0.75019926,0.24419615,0.45427728,0.45427728,0.69808406,0.7181736,0.73135215,0.67117697,0.37591833,0.45736435,0.0,0.27166563,0.2622807,0.7083333,0.44343257,0.59401923,0.24562584,0.40391362,0.9375,0.9398148,0.95213526,0.800657,0.6770833,0.0,0.75733167,0.55857223,0.6927008,0.18475452,0.58295673,0.7141655,0.7291452,0.14146772,1.0,0.052638687,0.016339073,0.7811919,0.07182834,0.39454278,0.39454278,0.8563783,0.88305235,0.71203566,0.91613203,0.39741752,0.503876,0.0,0.19791026,0.40526316,0.6666667,0.46287215,0.50532186,0.410498,0.5047074,0.95535713,0.9599074,0.91716826,0.8314515,0.6145833,0.0,0.45848823,0.39706412,0.43559167,0.0,0.5461588,0.12752888,0.0,0.07780725,0.6016807,0.09196398,0.058186606,0.95740724,0.0956701,0.91453624,0.91453624,0.772304,0.7609787,0.7358098,0.85279363,0.38071996,0.37209302,0.0,0.3730793,0.5114035,0.7777778,0.4865149,0.5671566,0.27254373,0.4493262,0.98214287,0.98453707,1.0,0.8793882,0.5104167,0.0,0.52498966,0.5851893,0.5676845,0.4521964,0.6739832,0.25813955,0.17147271,0.19098143,0.5436975,0.11116015,0.063746765,0.902506,0.14670761,1.0,1.0,0.8549098,0.84754,0.87132245,0.95742446,0.36038876,0.34108528,0.0,0.26797786,0.0,0.6666667,0.0,0.0,0.0,0.0,1.0,1.0,0.99675167,0.8964278,0.5,0.0,0.5586535,0.647954,0.59363127,0.872093,0.71659136,0.44196787,0.36714727,0.44709697,0.43361345,0.10152546,0.041701216,0.930665,0.20530176,0.7612258,0.7612258,0.8807006,0.8659304,0.926003,0.9014347,0.32500377,0.34108528,0.0,0.29010448,0.0,0.3472222,0.0,0.0,0.0,0.0,0.0,0.0,0.0,0.9324574,0.48958334,0.0,0.61276335,0.6329146,0.6022802,0.86950904,0.6210458,0.39111027,0.2507724,0.4232243,0.41932774,0.0,0.0,0.9039228,0.13230154,0.777532,0.777532,0.8748093,0.86688155,0.9215453,0.8580427,0.35852864,0.4496124,0.0,0.2642901,0.0,0.3472222,0.0,0.0,0.0,0.0,0.0,0.0,0.0,0.9392322,0.45833334,0.0,0.56422967,0.26352748
